region,year,total_cases,case_change_vs_prev_year,pct_change_vs_prev_year,region_case_rank_in_year,high_crime_region
Rwizi,2024,17529,424.0,2.4788073662671732,1.0,1
Rwizi,2024,16986,-119.0,-0.695703010815551,1.0,1
Rwizi,2024,16904,-201.0,-1.1750950014615609,1.0,0
Rwizi,2024,16904,-201.0,-1.1750950014615609,1.0,1
Rwizi,2024,18455,1350.0,7.892429114294067,1.0,0
Rwizi,2024,17761,656.0,3.8351359251680797,1.0,1
Rwizi,2024,16703,-402.0,-2.3501900029231217,1.0,1
Rwizi,2024,17569,464.0,2.7126571178018124,1.0,1
Rwizi,2024,17311,206.0,1.2043262204033909,1.0,1
Rwizi,2024,15468,-1637.0,-9.570301081555101,1.0,1
Rwizi,2024,16238,-867.0,-5.0686933645133,1.0,1
Rwizi,2024,17373,268.0,1.5667933352820813,1.0,1
Rwizi,2024,18358,1253.0,7.3253434668225665,1.0,1
Rwizi,2024,16911,-194.0,-1.1341712949429992,1.0,1
Rwizi,2024,16639,-466.0,-2.7243496053785443,1.0,1
Rwizi,2024,17199,94.0,0.5495469161064016,1.0,1
Rwizi,2024,16591,-514.0,-3.004969307220111,1.0,1
Rwizi,2024,16855,-250.0,-1.4615609470914936,1.0,1
Rwizi,2024,17093,-12.0,-0.07015492546039169,1.0,0
Rwizi,2024,16200,-905.0,-5.290850628471207,1.0,1
Rwizi,2023,17685,698.0,4.109024548183905,2.0,1
Rwizi,2023,15950,-1037.0,-6.104668275740273,2.0,1
Rwizi,2023,15858,-1129.0,-6.646258903867663,2.0,1
Rwizi,2023,17154,167.0,0.9831047271442869,2.0,1
Rwizi,2023,17614,627.0,3.6910578677812445,2.0,0
Rwizi,2023,17132,145.0,0.8535939247659975,2.0,1
Rwizi,2023,16888,-99.0,-0.5827986107023018,2.0,1
Rwizi,2023,16731,-256.0,-1.5070347913110025,2.0,1
Rwizi,2023,16595,-392.0,-2.3076470241949725,2.0,1
Rwizi,2023,17884,897.0,5.280508624242067,2.0,1
Rwizi,2023,17262,275.0,1.618885029728616,2.0,0
Rwizi,2023,16659,-328.0,-1.9308883263672219,2.0,1
Rwizi,2023,16412,-575.0,-3.3849414257961974,2.0,0
Rwizi,2023,17506,519.0,3.0552775651969153,2.0,1
Rwizi,2023,17862,875.0,5.150997821863778,2.0,1
Rwizi,2023,17777,790.0,4.650615176311297,2.0,0
Rwizi,2023,16274,-713.0,-4.197327367987285,2.0,1
Rwizi,2023,16724,-263.0,-1.5482427738859128,2.0,1
Rwizi,2023,16580,-407.0,-2.395949843998352,2.0,1
Rwizi,2023,16829,-158.0,-0.9301230352622594,2.0,1
Rwizi,2022,14781,577.0,4.06223598986201,4.0,1
Rwizi,2022,15167,963.0,6.779780343565194,4.0,1
Rwizi,2022,14460,256.0,1.802309208673613,4.0,1
Rwizi,2022,13745,-459.0,-3.231484088989017,4.0,1
Rwizi,2022,14178,-26.0,-0.18304702900591382,4.0,1
Rwizi,2022,15315,1111.0,7.821740354829626,4.0,1
Rwizi,2022,14265,61.0,0.4294564911292593,4.0,1
Rwizi,2022,13991,-213.0,-1.4995775837792171,4.0,1
Rwizi,2022,14047,-157.0,-1.105322444381864,4.0,1
Rwizi,2022,14457,253.0,1.7811883976344693,4.0,1
Rwizi,2022,13629,-575.0,-4.048155449169248,4.0,1
Rwizi,2022,13847,-357.0,-2.5133765136581245,4.0,1
Rwizi,2022,14854,650.0,4.576175725147846,4.0,1
Rwizi,2022,14437,233.0,1.6403829907068432,4.0,1
Rwizi,2022,14272,68.0,0.47873838355392845,4.0,1
Rwizi,2022,14891,687.0,4.836665727963954,4.0,1
Rwizi,2022,13705,-499.0,-3.5130949028442693,4.0,1
Rwizi,2022,13971,-233.0,-1.6403829907068432,4.0,1
Rwizi,2022,14414,210.0,1.4784567727400733,4.0,0
Rwizi,2022,14389,185.0,1.3024500140805406,4.0,1
Rwizi,2021,11271,-859.0,-7.08161582852432,2.0,1
Rwizi,2021,11874,-256.0,-2.1104699093157464,2.0,1
Rwizi,2021,12032,-98.0,-0.8079142621599341,2.0,1
Rwizi,2021,12375,245.0,2.019785655399835,2.0,1
Rwizi,2021,12286,156.0,1.2860676009892829,2.0,1
Rwizi,2021,12084,-46.0,-0.3792250618301731,2.0,1
Rwizi,2021,10966,-1164.0,-9.596042868920033,2.0,1
Rwizi,2021,12113,-17.0,-0.14014839241549876,2.0,0
Rwizi,2021,12166,36.0,0.2967848309975268,2.0,0
Rwizi,2021,13623,1493.0,12.308326463314097,2.0,1
Rwizi,2021,12013,-117.0,-0.9645507007419621,2.0,1
Rwizi,2021,12312,182.0,1.5004122011541632,2.0,1
Rwizi,2021,12823,693.0,5.713107996702391,2.0,1
Rwizi,2021,12586,456.0,3.7592745259686726,2.0,1
Rwizi,2021,12980,850.0,7.007419620774938,2.0,1
Rwizi,2021,11279,-851.0,-7.015663643858202,2.0,1
Rwizi,2021,11529,-601.0,-4.954657873042045,2.0,0
Rwizi,2021,11786,-344.0,-2.8359439406430336,2.0,1
Rwizi,2021,11189,-941.0,-7.75762572135202,2.0,1
Rwizi,2021,12171,41.0,0.33800494641385,2.0,1
Rwizi,2020,11559,-558.0,-4.60510027234464,1.0,1
Rwizi,2020,13056,939.0,7.749442931418668,1.0,1
Rwizi,2020,11642,-475.0,-3.9201122390030534,1.0,1
Rwizi,2020,11921,-196.0,-1.6175621028307337,1.0,1
Rwizi,2020,12609,492.0,4.060410992820005,1.0,1
Rwizi,2020,11371,-746.0,-6.15663943220269,1.0,1
Rwizi,2020,11143,-974.0,-8.038293306924157,1.0,0
Rwizi,2020,12228,111.0,0.9160683337459767,1.0,1
Rwizi,2020,12274,157.0,1.2957002558389041,1.0,1
Rwizi,2020,12590,473.0,3.903606503259883,1.0,1
Rwizi,2020,12433,316.0,2.607906247420979,1.0,1
Rwizi,2020,12296,179.0,1.4772633490137823,1.0,1
Rwizi,2020,11705,-412.0,-3.400181563093175,1.0,1
Rwizi,2020,12257,140.0,1.1554015020219526,1.0,1
Rwizi,2020,12294,177.0,1.4607576132706115,1.0,0
Rwizi,2020,11684,-433.0,-3.573491788396468,1.0,1
Rwizi,2020,13247,1130.0,9.325740694891476,1.0,1
Rwizi,2020,12404,287.0,2.368573079145003,1.0,1
Rwizi,2020,11526,-591.0,-4.877444912106957,1.0,1
Rwizi,2020,12593,476.0,3.928365106874639,1.0,1
Rwizi,2019,14178,651.0,4.81259702816589,1.0,1
Rwizi,2019,13806,279.0,2.062541583499667,1.0,1
Rwizi,2019,13361,-166.0,-1.2271752790714867,1.0,1
Rwizi,2019,13017,-510.0,-3.770237303171435,1.0,1
Rwizi,2019,13474,-53.0,-0.391808974643306,1.0,1
Rwizi,2019,13757,230.0,1.7003030975086864,1.0,1
Rwizi,2019,13535,8.0,0.05914097730464996,1.0,1
Rwizi,2019,14510,983.0,7.266947586308864,1.0,1
Rwizi,2019,13950,423.0,3.1270791749833666,1.0,1
Rwizi,2019,12947,-580.0,-4.287720854587122,1.0,0
Rwizi,2019,12802,-725.0,-5.3596510682339025,1.0,1
Rwizi,2019,13853,326.0,2.409994825164486,1.0,1
Rwizi,2019,13375,-152.0,-1.1236785687883493,1.0,0
Rwizi,2019,14009,482.0,3.5632438826051596,1.0,1
Rwizi,2019,13847,320.0,2.365639092185998,1.0,1
Rwizi,2019,13477,-50.0,-0.36963110815406225,1.0,1
Rwizi,2019,12954,-573.0,-4.235972499445554,1.0,1
Rwizi,2019,12502,-1025.0,-7.5774377171582765,1.0,1
Rwizi,2019,13671,144.0,1.0645375914836992,1.0,1
Rwizi,2019,12684,-843.0,-6.231980483477489,1.0,1
KMP North,2024,16002,-740.0,-4.420021502807311,2.0,1
KMP North,2024,16870,128.0,0.7645442599450484,2.0,1
KMP North,2024,16790,48.0,0.2867040974793931,2.0,1
KMP North,2024,15785,-957.0,-5.716162943495401,2.0,1
KMP North,2024,17648,906.0,5.411539839923545,2.0,1
KMP North,2024,17624,882.0,5.268187791183849,2.0,1
KMP North,2024,17173,431.0,2.574363875283718,2.0,1
KMP North,2024,17172,430.0,2.568390873252897,2.0,1
KMP North,2024,17173,431.0,2.574363875283718,2.0,1
KMP North,2024,19967,3225.0,19.26293154939673,2.0,1
KMP North,2024,17540,798.0,4.766455620594911,2.0,1
KMP North,2024,17287,545.0,3.2552861067972763,2.0,1
KMP North,2024,16095,-647.0,-3.8645323139409866,2.0,1
KMP North,2024,16543,-199.0,-1.1886274041333174,2.0,0
KMP North,2024,18679,1937.0,11.569704933699677,2.0,1
KMP North,2024,15178,-1564.0,-9.341775176203559,2.0,1
KMP North,2024,16346,-396.0,-2.3653088042049935,2.0,1
KMP North,2024,17653,911.0,5.441404850077649,2.0,1
KMP North,2024,16143,-599.0,-3.5778282164615933,2.0,1
KMP North,2024,17310,568.0,3.3926651535061527,2.0,0
KMP North,2023,15956,36.0,0.22613065326633164,3.0,1
KMP North,2023,15401,-519.0,-3.2600502512562817,3.0,1
KMP North,2023,14307,-1613.0,-10.131909547738694,3.0,1
KMP North,2023,16068,148.0,0.9296482412060301,3.0,1
KMP North,2023,15289,-631.0,-3.9635678391959797,3.0,0
KMP North,2023,15828,-92.0,-0.5778894472361809,3.0,1
KMP North,2023,16321,401.0,2.5188442211055277,3.0,1
KMP North,2023,16609,689.0,4.32788944723618,3.0,1
KMP North,2023,15541,-379.0,-2.380653266331658,3.0,1
KMP North,2023,15399,-521.0,-3.2726130653266328,3.0,1
KMP North,2023,14916,-1004.0,-6.306532663316583,3.0,1
KMP North,2023,16650,730.0,4.585427135678391,3.0,1
KMP North,2023,17609,1689.0,10.609296482412061,3.0,1
KMP North,2023,16741,821.0,5.157035175879397,3.0,1
KMP North,2023,16928,1008.0,6.331658291457286,3.0,0
KMP North,2023,15356,-564.0,-3.542713567839196,3.0,1
KMP North,2023,16273,353.0,2.2173366834170856,3.0,1
KMP North,2023,16536,616.0,3.869346733668342,3.0,0
KMP North,2023,13339,-2581.0,-16.212311557788944,3.0,1
KMP North,2023,15104,-816.0,-5.125628140703518,3.0,1
KMP North,2022,18053,1362.0,8.160086274039902,2.0,1
KMP North,2022,15497,-1194.0,-7.153555808519561,2.0,0
KMP North,2022,17893,1202.0,7.201485830687197,2.0,1
KMP North,2022,15492,-1199.0,-7.1835120723743335,2.0,1
KMP North,2022,15871,-820.0,-4.912827272182613,2.0,0
KMP North,2022,17076,385.0,2.3066323168174465,2.0,1
KMP North,2022,16749,58.0,0.34749266071535556,2.0,1
KMP North,2022,16369,-322.0,-1.929183392247319,2.0,1
KMP North,2022,18014,1323.0,7.92642741597268,2.0,1
KMP North,2022,15657,-1034.0,-6.194955365166856,2.0,1
KMP North,2022,16564,-127.0,-0.7608891019112096,2.0,1
KMP North,2022,17181,490.0,2.9357138577676594,2.0,1
KMP North,2022,16925,234.0,1.4019531484033312,2.0,0
KMP North,2022,16171,-520.0,-3.1154514408962912,2.0,1
KMP North,2022,16199,-492.0,-2.9476963633095683,2.0,1
KMP North,2022,17400,709.0,4.247798214606674,2.0,1
KMP North,2022,17441,750.0,4.4934395782158045,2.0,1
KMP North,2022,16947,256.0,1.533760709364328,2.0,1
KMP North,2022,15999,-692.0,-4.145946917500449,2.0,1
KMP North,2022,16223,-468.0,-2.8039062968066624,2.0,1
KMP North,2021,12291,-13.0,-0.10565669700910274,1.0,1
KMP North,2021,12376,72.0,0.5851755526657998,1.0,1
KMP North,2021,12640,336.0,2.7308192457737324,1.0,1
KMP North,2021,12179,-125.0,-1.01592977893368,1.0,1
KMP North,2021,12811,507.0,4.120611183355007,1.0,1
KMP North,2021,12804,500.0,4.06371911573472,1.0,1
KMP North,2021,13107,803.0,6.526332899869961,1.0,1
KMP North,2021,12316,12.0,0.0975292587776333,1.0,1
KMP North,2021,12503,199.0,1.6173602080624188,1.0,1
KMP North,2021,12223,-81.0,-0.6583224967490248,1.0,1
KMP North,2021,11800,-504.0,-4.096228868660598,1.0,1
KMP North,2021,13591,1287.0,10.460013003901171,1.0,1
KMP North,2021,13016,712.0,5.786736020806242,1.0,1
KMP North,2021,12791,487.0,3.9580624187256177,1.0,1
KMP North,2021,12296,-8.0,-0.06501950585175553,1.0,0
KMP North,2021,11752,-552.0,-4.486345903771132,1.0,1
KMP North,2021,12903,599.0,4.868335500650195,1.0,1
KMP North,2021,12213,-91.0,-0.7395968790637192,1.0,1
KMP North,2021,12558,254.0,2.064369310793238,1.0,1
KMP North,2021,11957,-347.0,-2.820221066319896,1.0,1
KMP North,2020,11891,143.0,1.2172284644194757,2.0,0
KMP North,2020,11450,-298.0,-2.536601974804222,2.0,1
KMP North,2020,11471,-277.0,-2.3578481443649983,2.0,0
KMP North,2020,11884,136.0,1.1576438542730678,2.0,1
KMP North,2020,10897,-851.0,-7.243786176370446,2.0,1
KMP North,2020,10921,-827.0,-7.039496084439905,2.0,1
KMP North,2020,11325,-423.0,-3.600612870275792,2.0,1
KMP North,2020,11622,-126.0,-1.0725229826353422,2.0,1
KMP North,2020,12251,503.0,4.281579843377596,2.0,1
KMP North,2020,11654,-94.0,-0.8001361933946204,2.0,1
KMP North,2020,11737,-11.0,-0.09363295880149813,2.0,0
KMP North,2020,11578,-170.0,-1.4470548178413347,2.0,1
KMP North,2020,11937,189.0,1.6087844739530133,2.0,1
KMP North,2020,11262,-486.0,-4.136874361593463,2.0,1
KMP North,2020,11684,-64.0,-0.5447735784814436,2.0,1
KMP North,2020,11983,235.0,2.000340483486551,2.0,1
KMP North,2020,11879,131.0,1.115083418454205,2.0,0
KMP North,2020,11755,7.0,0.0595846101464079,2.0,1
KMP North,2020,11762,14.0,0.1191692202928158,2.0,1
KMP North,2020,12040,292.0,2.4855294518215865,2.0,1
KMP North,2019,13044,1267.0,10.758257620786278,5.0,1
KMP North,2019,11325,-452.0,-3.837989301180267,5.0,1
KMP North,2019,13066,1289.0,10.945062409781778,5.0,1
KMP North,2019,11301,-476.0,-4.041776343720812,5.0,1
KMP North,2019,10526,-1251.0,-10.622399592425914,5.0,1
KMP North,2019,11467,-310.0,-2.6322492994820412,5.0,0
KMP North,2019,11978,201.0,1.7067164812770657,5.0,1
KMP North,2019,12881,1104.0,9.374203956865076,5.0,1
KMP North,2019,11247,-530.0,-4.500297189437038,5.0,1
KMP North,2019,12066,289.0,2.4539356372590646,5.0,1
KMP North,2019,10999,-778.0,-6.606096629022671,5.0,1
KMP North,2019,12855,1078.0,9.153434660779485,5.0,1
KMP North,2019,12471,694.0,5.892841980130763,5.0,1
KMP North,2019,11500,-277.0,-2.352042115988792,5.0,1
KMP North,2019,10768,-1009.0,-8.567546913475418,5.0,1
KMP North,2019,12574,797.0,6.767428037700602,5.0,1
KMP North,2019,11709,-68.0,-0.5773966205315445,5.0,1
KMP North,2019,12505,728.0,6.181540290396536,5.0,1
KMP North,2019,11780,3.0,0.02547338031756814,5.0,1
KMP North,2019,11804,27.0,0.2292604228581133,5.0,1
North Kyoga,2024,15854,-366.0,-2.256473489519112,3.0,1
North Kyoga,2024,16725,505.0,3.1134401972872996,3.0,1
North Kyoga,2024,16317,97.0,0.5980271270036992,3.0,1
North Kyoga,2024,16637,417.0,2.5709001233045625,3.0,1
North Kyoga,2024,14975,-1245.0,-7.675709001233046,3.0,1
North Kyoga,2024,17256,1036.0,6.3871763255240435,3.0,1
North Kyoga,2024,17477,1257.0,7.749691738594327,3.0,1
North Kyoga,2024,16313,93.0,0.5733662145499384,3.0,1
North Kyoga,2024,17891,1671.0,10.30209617755857,3.0,1
North Kyoga,2024,17643,1423.0,8.7731196054254,3.0,1
North Kyoga,2024,16743,523.0,3.2244143033292234,3.0,1
North Kyoga,2024,17329,1109.0,6.837237977805179,3.0,1
North Kyoga,2024,17078,858.0,5.2897657213316895,3.0,1
North Kyoga,2024,14793,-1427.0,-8.797780517879161,3.0,1
North Kyoga,2024,16001,-219.0,-1.3501849568434032,3.0,1
North Kyoga,2024,16801,581.0,3.581997533908755,3.0,1
North Kyoga,2024,17540,1320.0,8.138101109741061,3.0,1
North Kyoga,2024,15100,-1120.0,-6.90505548705302,3.0,1
North Kyoga,2024,14838,-1382.0,-8.520345252774353,3.0,1
North Kyoga,2024,16174,-46.0,-0.2836004932182491,3.0,1
North Kyoga,2023,16134,-1861.0,-10.341761600444569,1.0,1
North Kyoga,2023,17914,-81.0,-0.45012503473187,1.0,1
North Kyoga,2023,18324,329.0,1.828285634898583,1.0,1
North Kyoga,2023,17149,-846.0,-4.701305918310642,1.0,1
North Kyoga,2023,17938,-57.0,-0.3167546540705752,1.0,1
North Kyoga,2023,18854,859.0,4.77354820783551,1.0,1
North Kyoga,2023,17517,-478.0,-2.656293414837455,1.0,1
North Kyoga,2023,17281,-714.0,-3.9677688246735205,1.0,0
North Kyoga,2023,17898,-97.0,-0.5390386218393999,1.0,1
North Kyoga,2023,17063,-932.0,-5.179216449013615,1.0,1
North Kyoga,2023,19762,1767.0,9.81939427618783,1.0,0
North Kyoga,2023,18026,31.0,0.17227007502083913,1.0,1
North Kyoga,2023,17365,-630.0,-3.500972492358988,1.0,1
North Kyoga,2023,18187,192.0,1.0669630452903585,1.0,1
North Kyoga,2023,17893,-102.0,-0.5668241178105029,1.0,1
North Kyoga,2023,17796,-199.0,-1.1058627396499028,1.0,1
North Kyoga,2023,17517,-478.0,-2.656293414837455,1.0,1
North Kyoga,2023,17476,-519.0,-2.8841344818005004,1.0,1
North Kyoga,2023,16631,-1364.0,-7.579883300916921,1.0,1
North Kyoga,2023,19224,1229.0,6.829674909697138,1.0,1
North Kyoga,2022,18112,507.0,2.8798636750923032,1.0,1
North Kyoga,2022,17878,273.0,1.5506958250497018,1.0,1
North Kyoga,2022,17492,-113.0,-0.6418631070718546,1.0,1
North Kyoga,2022,16763,-842.0,-4.782732178358421,1.0,1
North Kyoga,2022,16939,-666.0,-3.7830161885827893,1.0,0
North Kyoga,2022,16353,-1252.0,-7.111616018176655,1.0,1
North Kyoga,2022,17035,-570.0,-3.2377165577960803,1.0,1
North Kyoga,2022,16652,-953.0,-5.413234876455553,1.0,1
North Kyoga,2022,19090,1485.0,8.435103663731894,1.0,1
North Kyoga,2022,18381,776.0,4.407838682192558,1.0,1
North Kyoga,2022,17673,68.0,0.38625390514058505,1.0,1
North Kyoga,2022,16846,-759.0,-4.311275205907412,1.0,1
North Kyoga,2022,16691,-914.0,-5.191706901448452,1.0,1
North Kyoga,2022,17437,-168.0,-0.9542743538767396,1.0,1
North Kyoga,2022,18420,815.0,4.629366657199659,1.0,1
North Kyoga,2022,19285,1680.0,9.542743538767395,1.0,1
North Kyoga,2022,16373,-1232.0,-6.998011928429423,1.0,1
North Kyoga,2022,18100,495.0,2.811701221243965,1.0,1
North Kyoga,2022,17032,-573.0,-3.254757171258165,1.0,1
North Kyoga,2022,17176,-429.0,-2.436807725078103,1.0,1
North Kyoga,2021,11512,27.0,0.2350892468437092,3.0,1
North Kyoga,2021,11007,-478.0,-4.161950370047888,3.0,1
North Kyoga,2021,11347,-138.0,-1.2015672616456248,3.0,1
North Kyoga,2021,10963,-522.0,-4.545058772311711,3.0,1
North Kyoga,2021,11153,-332.0,-2.890727035263387,3.0,1
North Kyoga,2021,11918,433.0,3.770134958641706,3.0,1
North Kyoga,2021,11542,57.0,0.49629952111449716,3.0,1
North Kyoga,2021,11916,431.0,3.752720940356987,3.0,1
North Kyoga,2021,11104,-381.0,-3.3173704832390074,3.0,1
North Kyoga,2021,11812,327.0,2.8471919895515887,3.0,1
North Kyoga,2021,10550,-935.0,-8.141053548106225,3.0,1
North Kyoga,2021,11512,27.0,0.2350892468437092,3.0,1
North Kyoga,2021,11851,366.0,3.1867653461036136,3.0,1
North Kyoga,2021,10530,-955.0,-8.315193730953418,3.0,1
North Kyoga,2021,11110,-375.0,-3.2651284283848496,3.0,1
North Kyoga,2021,11512,27.0,0.2350892468437092,3.0,1
North Kyoga,2021,12062,577.0,5.023944275141489,3.0,1
North Kyoga,2021,11153,-332.0,-2.890727035263387,3.0,1
North Kyoga,2021,11789,304.0,2.646930779277318,3.0,1
North Kyoga,2021,12312,827.0,7.200696560731388,3.0,1
North Kyoga,2020,10186,285.0,2.8784971215028787,5.0,1
North Kyoga,2020,9800,-101.0,-1.02009897990102,5.0,1
North Kyoga,2020,10084,183.0,1.8482981517018482,5.0,1
North Kyoga,2020,9601,-300.0,-3.02999697000303,5.0,1
North Kyoga,2020,9943,42.0,0.4241995758004242,5.0,1
North Kyoga,2020,9823,-78.0,-0.7877992122007879,5.0,1
North Kyoga,2020,10068,167.0,1.6866983133016866,5.0,1
North Kyoga,2020,9697,-204.0,-2.06039793960206,5.0,1
North Kyoga,2020,10096,195.0,1.9694980305019694,5.0,1
North Kyoga,2020,9692,-209.0,-2.1108978891021106,5.0,1
North Kyoga,2020,10332,431.0,4.353095646904353,5.0,1
North Kyoga,2020,9739,-162.0,-1.6361983638016362,5.0,1
North Kyoga,2020,8892,-1009.0,-10.19088980911019,5.0,1
North Kyoga,2020,9401,-500.0,-5.0499949500050505,5.0,1
North Kyoga,2020,9910,9.0,0.09089990910009091,5.0,1
North Kyoga,2020,10730,829.0,8.372891627108373,5.0,1
North Kyoga,2020,10311,410.0,4.140995859004141,5.0,1
North Kyoga,2020,8806,-1095.0,-11.05948894051106,5.0,1
North Kyoga,2020,9169,-732.0,-7.393192606807393,5.0,1
North Kyoga,2020,10467,566.0,5.716594283405716,5.0,1
North Kyoga,2019,13765,422.0,3.1627070373978863,2.0,1
North Kyoga,2019,14857,1514.0,11.346773589147869,2.0,1
North Kyoga,2019,13036,-307.0,-2.3008318968747656,2.0,1
North Kyoga,2019,12776,-567.0,-4.249419171100952,2.0,1
North Kyoga,2019,13390,47.0,0.3522446226485798,2.0,1
North Kyoga,2019,13024,-319.0,-2.390766694146744,2.0,1
North Kyoga,2019,14035,692.0,5.186239976017387,2.0,1
North Kyoga,2019,13002,-341.0,-2.555647155812036,2.0,1
North Kyoga,2019,13162,-181.0,-1.3565165255189988,2.0,1
North Kyoga,2019,12690,-653.0,-4.893951884883459,2.0,1
North Kyoga,2019,13848,505.0,3.7847560518624,2.0,1
North Kyoga,2019,12727,-616.0,-4.616652926628195,2.0,1
North Kyoga,2019,13618,275.0,2.061005770816158,2.0,1
North Kyoga,2019,14595,1252.0,9.383197182043018,2.0,1
North Kyoga,2019,12156,-1187.0,-8.896050363486472,2.0,1
North Kyoga,2019,14341,998.0,7.479577306452821,2.0,1
North Kyoga,2019,13529,186.0,1.3939893577156561,2.0,1
North Kyoga,2019,12592,-751.0,-5.628419395937945,2.0,1
North Kyoga,2019,13415,72.0,0.5396087836318669,2.0,1
North Kyoga,2019,13827,484.0,3.6273701566364385,2.0,1
KMP South,2024,14746,-607.0,-3.9536246987559434,4.0,1
KMP South,2024,15714,361.0,2.3513319872337655,4.0,1
KMP South,2024,16576,1223.0,7.965869862567576,4.0,1
KMP South,2024,14960,-393.0,-2.5597603074317723,4.0,1
KMP South,2024,14593,-760.0,-4.950172604702664,4.0,1
KMP South,2024,15256,-97.0,-0.6317983456002084,4.0,1
KMP South,2024,15395,42.0,0.27356217025988405,4.0,1
KMP South,2024,16192,839.0,5.464730020191493,4.0,1
KMP South,2024,15231,-122.0,-0.7946329707549012,4.0,1
KMP South,2024,15025,-328.0,-2.136390282029571,4.0,0
KMP South,2024,14576,-777.0,-5.060900149807855,4.0,1
KMP South,2024,14082,-1271.0,-8.278512342864587,4.0,1
KMP South,2024,14362,-991.0,-6.454764541132025,4.0,1
KMP South,2024,14358,-995.0,-6.4808180811567775,4.0,1
KMP South,2024,15153,-200.0,-1.3026770012375433,4.0,1
KMP South,2024,14199,-1154.0,-7.516446297140623,4.0,1
KMP South,2024,13282,-2071.0,-13.48922034781476,4.0,1
KMP South,2024,15311,-42.0,-0.27356217025988405,4.0,1
KMP South,2024,16772,1419.0,9.242493323780367,4.0,0
KMP South,2024,16217,864.0,5.627564645346187,4.0,1
KMP South,2023,15141,-207.0,-1.3487099296325256,4.0,0
KMP South,2023,14498,-850.0,-5.538180870471723,4.0,1
KMP South,2023,17322,1974.0,12.861610633307272,4.0,0
KMP South,2023,15393,45.0,0.29319781078967944,4.0,1
KMP South,2023,15500,152.0,0.9903570497784727,4.0,1
KMP South,2023,15237,-111.0,-0.7232212666145427,4.0,1
KMP South,2023,15322,-26.0,-0.16940317956737036,4.0,1
KMP South,2023,14930,-418.0,-2.7234818868908004,4.0,0
KMP South,2023,15152,-196.0,-1.2770393536617148,4.0,1
KMP South,2023,16502,1154.0,7.5188949700286685,4.0,1
KMP South,2023,16304,956.0,6.228824602554079,4.0,1
KMP South,2023,13756,-1592.0,-10.372686995048214,4.0,1
KMP South,2023,14267,-1081.0,-7.043262965858743,4.0,1
KMP South,2023,14751,-597.0,-3.8897576231430806,4.0,1
KMP South,2023,16066,718.0,4.678133958821997,4.0,0
KMP South,2023,16323,975.0,6.352619233776388,4.0,1
KMP South,2023,15901,553.0,3.6030753192598386,4.0,0
KMP South,2023,14481,-867.0,-5.648944487881157,4.0,1
KMP South,2023,14945,-403.0,-2.6257492832942404,4.0,1
KMP South,2023,15723,375.0,2.4433150899139955,4.0,1
KMP South,2022,14317,-175.0,-1.2075627932652497,3.0,1
KMP South,2022,14220,-272.0,-1.8768975986751308,3.0,1
KMP South,2022,14230,-262.0,-1.8078940104885453,3.0,1
KMP South,2022,15332,840.0,5.796301407673199,3.0,1
KMP South,2022,14921,429.0,2.960253933204527,3.0,0
KMP South,2022,14267,-225.0,-1.5525807341981783,3.0,0
KMP South,2022,14728,236.0,1.6284846812034226,3.0,1
KMP South,2022,13585,-907.0,-6.258625448523324,3.0,1
KMP South,2022,14113,-379.0,-2.615235992271598,3.0,1
KMP South,2022,15252,760.0,5.244272702180513,3.0,1
KMP South,2022,13364,-1128.0,-7.7836047474468675,3.0,1
KMP South,2022,14931,439.0,3.0292575213911124,3.0,1
KMP South,2022,12983,-1509.0,-10.412641457355782,3.0,1
KMP South,2022,15721,1229.0,8.480540988131382,3.0,1
KMP South,2022,14097,-395.0,-2.7256417333701353,3.0,1
KMP South,2022,14781,289.0,1.9942036985923266,3.0,1
KMP South,2022,14574,82.0,0.5658294231300027,3.0,1
KMP South,2022,14600,108.0,0.7452387524151256,3.0,0
KMP South,2022,14715,223.0,1.5387800165608612,3.0,1
KMP South,2022,13252,-1240.0,-8.556444935136627,3.0,1
KMP South,2021,10086,85.0,0.84991500849915,6.0,1
KMP South,2021,9908,-93.0,-0.9299070092990701,6.0,1
KMP South,2021,9731,-270.0,-2.6997300269973006,6.0,0
KMP South,2021,9611,-390.0,-3.8996100389961006,6.0,1
KMP South,2021,10098,97.0,0.96990300969903,6.0,1
KMP South,2021,9511,-490.0,-4.899510048995101,6.0,1
KMP South,2021,10515,514.0,5.139486051394861,6.0,1
KMP South,2021,10237,236.0,2.35976402359764,6.0,0
KMP South,2021,10129,128.0,1.2798720127987202,6.0,1
KMP South,2021,10492,491.0,4.909509049095091,6.0,1
KMP South,2021,9080,-921.0,-9.209079092090791,6.0,1
KMP South,2021,9361,-640.0,-6.3993600639936,6.0,0
KMP South,2021,10259,258.0,2.57974202579742,6.0,0
KMP South,2021,9638,-363.0,-3.62963703629637,6.0,1
KMP South,2021,9695,-306.0,-3.05969403059694,6.0,1
KMP South,2021,9297,-704.0,-7.039296070392961,6.0,1
KMP South,2021,9513,-488.0,-4.879512048795121,6.0,1
KMP South,2021,10527,526.0,5.25947405259474,6.0,1
KMP South,2021,10247,246.0,2.4597540245975402,6.0,1
KMP South,2021,10093,92.0,0.91990800919908,6.0,1
KMP South,2020,9261,-275.0,-2.8838087248322144,6.0,1
KMP South,2020,9594,58.0,0.6082214765100671,6.0,1
KMP South,2020,10083,547.0,5.736157718120805,6.0,1
KMP South,2020,9200,-336.0,-3.523489932885906,6.0,0
KMP South,2020,9519,-17.0,-0.1782718120805369,6.0,1
KMP South,2020,10380,844.0,8.850671140939598,6.0,1
KMP South,2020,9873,337.0,3.533976510067114,6.0,1
KMP South,2020,9267,-269.0,-2.8208892617449663,6.0,1
KMP South,2020,9832,296.0,3.104026845637584,6.0,1
KMP South,2020,8787,-749.0,-7.854446308724833,6.0,0
KMP South,2020,9500,-36.0,-0.37751677852348997,6.0,1
KMP South,2020,9831,295.0,3.0935402684563758,6.0,1
KMP South,2020,9717,181.0,1.8980704697986577,6.0,1
KMP South,2020,9827,291.0,3.0515939597315436,6.0,1
KMP South,2020,9933,397.0,4.163171140939597,6.0,1
KMP South,2020,9754,218.0,2.286073825503356,6.0,1
KMP South,2020,9740,204.0,2.139261744966443,6.0,1
KMP South,2020,9635,99.0,1.0381711409395973,6.0,1
KMP South,2020,9020,-516.0,-5.4110738255033555,6.0,1
KMP South,2020,10038,502.0,5.264261744966443,6.0,1
KMP South,2019,12534,-25.0,-0.1990604347479895,3.0,1
KMP South,2019,12986,427.0,3.3999522254956602,3.0,1
KMP South,2019,13148,589.0,4.689863842662632,3.0,0
KMP South,2019,12234,-325.0,-2.5877856517238635,3.0,1
KMP South,2019,12286,-273.0,-2.173739947448045,3.0,0
KMP South,2019,12364,-195.0,-1.552671391034318,3.0,1
KMP South,2019,13347,788.0,6.274384903256629,3.0,0
KMP South,2019,11997,-562.0,-4.474878573134804,3.0,1
KMP South,2019,13467,908.0,7.229874990046977,3.0,1
KMP South,2019,12682,123.0,0.9793773389601083,3.0,1
KMP South,2019,12726,167.0,1.3297237041165697,3.0,1
KMP South,2019,13117,558.0,4.443028903575126,3.0,0
KMP South,2019,12610,51.0,0.4060832868858986,3.0,1
KMP South,2019,13228,669.0,5.326857233856199,3.0,1
KMP South,2019,12234,-325.0,-2.5877856517238635,3.0,1
KMP South,2019,13443,884.0,7.038776972688908,3.0,1
KMP South,2019,12279,-280.0,-2.2294768691774824,3.0,1
KMP South,2019,13471,912.0,7.2617246596066565,3.0,1
KMP South,2019,12295,-264.0,-2.102078190938769,3.0,1
KMP South,2019,12382,-177.0,-1.4093478780157656,3.0,1
Greater Masaka,2024,11287,-597.0,-5.0235610905419055,5.0,0
Greater Masaka,2024,11427,-457.0,-3.845506563446651,5.0,0
Greater Masaka,2024,11863,-21.0,-0.17670817906428812,5.0,1
Greater Masaka,2024,12023,139.0,1.1696398519017166,5.0,1
Greater Masaka,2024,12468,584.0,4.914170313025918,5.0,1
Greater Masaka,2024,11756,-128.0,-1.0770784247728038,5.0,1
Greater Masaka,2024,11216,-668.0,-5.62100302928307,5.0,1
Greater Masaka,2024,12111,227.0,1.9101312689330192,5.0,1
Greater Masaka,2024,11982,98.0,0.824638168966678,5.0,1
Greater Masaka,2024,12176,292.0,2.457085156512959,5.0,1
Greater Masaka,2024,11505,-379.0,-3.189161898350724,5.0,1
Greater Masaka,2024,11568,-316.0,-2.6590373611578593,5.0,1
Greater Masaka,2024,11505,-379.0,-3.189161898350724,5.0,0
Greater Masaka,2024,12590,706.0,5.940760686637496,5.0,1
Greater Masaka,2024,12728,844.0,7.101985863345675,5.0,1
Greater Masaka,2024,11544,-340.0,-2.86098956580276,5.0,1
Greater Masaka,2024,11555,-329.0,-2.768428138673847,5.0,1
Greater Masaka,2024,12260,376.0,3.163917872770111,5.0,1
Greater Masaka,2024,12803,919.0,7.733086502860989,5.0,0
Greater Masaka,2024,12951,1067.0,8.978458431504544,5.0,1
Greater Masaka,2023,11357,-360.0,-3.0724588205171974,6.0,1
Greater Masaka,2023,11489,-228.0,-1.9458905863275582,6.0,1
Greater Masaka,2023,11884,167.0,1.4252795084065886,6.0,1
Greater Masaka,2023,11912,195.0,1.6642485277801484,6.0,1
Greater Masaka,2023,11613,-104.0,-0.8875992148160792,6.0,1
Greater Masaka,2023,11249,-468.0,-3.9941964666723564,6.0,1
Greater Masaka,2023,11697,-20.0,-0.17069215669539983,6.0,0
Greater Masaka,2023,12768,1051.0,8.969872834343262,6.0,1
Greater Masaka,2023,11413,-304.0,-2.5945207817700777,6.0,1
Greater Masaka,2023,11848,131.0,1.1180336263548691,6.0,1
Greater Masaka,2023,13197,1480.0,12.631219595459589,6.0,1
Greater Masaka,2023,11405,-312.0,-2.6627976444482377,6.0,1
Greater Masaka,2023,12116,399.0,3.4053085260732265,6.0,1
Greater Masaka,2023,12798,1081.0,9.225911069386362,6.0,1
Greater Masaka,2023,12063,346.0,2.952974310830417,6.0,1
Greater Masaka,2023,12366,649.0,5.538960484765725,6.0,1
Greater Masaka,2023,12197,480.0,4.096611760689596,6.0,1
Greater Masaka,2023,12014,297.0,2.534778526926688,6.0,1
Greater Masaka,2023,12526,809.0,6.904497738328924,6.0,1
Greater Masaka,2023,12097,380.0,3.243150977212597,6.0,1
Greater Masaka,2022,11867,-100.0,-0.8356313194618534,6.0,1
Greater Masaka,2022,12054,87.0,0.7269992479318125,6.0,1
Greater Masaka,2022,12187,220.0,1.8383889028160776,6.0,1
Greater Masaka,2022,11731,-236.0,-1.9720899139299741,6.0,1
Greater Masaka,2022,12081,114.0,0.952619704186513,6.0,1
Greater Masaka,2022,11994,27.0,0.22562045625470042,6.0,1
Greater Masaka,2022,12353,386.0,3.225536893122754,6.0,1
Greater Masaka,2022,13261,1294.0,10.813069273836383,6.0,1
Greater Masaka,2022,12116,149.0,1.2450906659981615,6.0,1
Greater Masaka,2022,12910,943.0,7.880003342525279,6.0,1
Greater Masaka,2022,12330,363.0,3.033341689646528,6.0,1
Greater Masaka,2022,12078,111.0,0.9275507646026573,6.0,1
Greater Masaka,2022,11699,-268.0,-2.2394919361577674,6.0,1
Greater Masaka,2022,12083,116.0,0.96933233057575,6.0,1
Greater Masaka,2022,12046,79.0,0.6601487423748642,6.0,1
Greater Masaka,2022,11548,-419.0,-3.5012952285451657,6.0,1
Greater Masaka,2022,11632,-335.0,-2.7993649201972093,6.0,1
Greater Masaka,2022,12192,225.0,1.88017046878917,6.0,0
Greater Masaka,2022,12903,936.0,7.821509150162948,6.0,1
Greater Masaka,2022,11927,-40.0,-0.33425252778474135,6.0,1
Greater Masaka,2021,10381,-811.0,-7.246247319513939,4.0,1
Greater Masaka,2021,9961,-1231.0,-10.998927805575411,4.0,1
Greater Masaka,2021,10620,-572.0,-5.110793423874195,4.0,0
Greater Masaka,2021,11588,396.0,3.538241601143674,4.0,1
Greater Masaka,2021,10475,-717.0,-6.406361686919228,4.0,1
Greater Masaka,2021,11680,488.0,4.360257326661901,4.0,1
Greater Masaka,2021,11555,363.0,3.2433881343817013,4.0,1
Greater Masaka,2021,11136,-56.0,-0.5003573981415297,4.0,1
Greater Masaka,2021,10338,-854.0,-7.630450321658327,4.0,1
Greater Masaka,2021,10804,-388.0,-3.466761972837741,4.0,1
Greater Masaka,2021,11057,-135.0,-1.2062187276626162,4.0,1
Greater Masaka,2021,11389,197.0,1.7601858470335956,4.0,0
Greater Masaka,2021,10491,-701.0,-6.263402430307361,4.0,1
Greater Masaka,2021,11999,807.0,7.2105075053609715,4.0,1
Greater Masaka,2021,11383,191.0,1.7065761258041459,4.0,1
Greater Masaka,2021,11447,255.0,2.2784131522516082,4.0,1
Greater Masaka,2021,11551,359.0,3.207648320228735,4.0,1
Greater Masaka,2021,11935,743.0,6.638670478913509,4.0,0
Greater Masaka,2021,11301,109.0,0.9739099356683345,4.0,1
Greater Masaka,2021,11588,396.0,3.538241601143674,4.0,1
Greater Masaka,2020,9744,-342.0,-3.390838786436645,4.0,1
Greater Masaka,2020,10994,908.0,9.002577830656355,4.0,1
Greater Masaka,2020,10150,64.0,0.6345429307951617,4.0,1
Greater Masaka,2020,9742,-344.0,-3.4106682530239936,4.0,1
Greater Masaka,2020,9860,-226.0,-2.2407297243704143,4.0,0
Greater Masaka,2020,9133,-953.0,-9.448740828871703,4.0,0
Greater Masaka,2020,9857,-229.0,-2.2704739242514376,4.0,1
Greater Masaka,2020,8863,-1223.0,-12.125718818163792,4.0,1
Greater Masaka,2020,10482,396.0,3.9262343842950624,4.0,1
Greater Masaka,2020,10300,214.0,2.1217529248463216,4.0,0
Greater Masaka,2020,9598,-488.0,-4.838389847313107,4.0,1
Greater Masaka,2020,10061,-25.0,-0.24786833234186004,4.0,1
Greater Masaka,2020,10084,-2.0,-0.019829466587348802,4.0,1
Greater Masaka,2020,9501,-585.0,-5.800118976799524,4.0,1
Greater Masaka,2020,9974,-112.0,-1.110450128891533,4.0,1
Greater Masaka,2020,10099,13.0,0.1288915328177672,4.0,1
Greater Masaka,2020,9961,-125.0,-1.2393416617093,4.0,0
Greater Masaka,2020,9742,-344.0,-3.4106682530239936,4.0,0
Greater Masaka,2020,9580,-506.0,-5.016855046599247,4.0,1
Greater Masaka,2020,9944,-142.0,-1.4078921277017649,4.0,1
Greater Masaka,2019,11452,-337.0,-2.8585969972007805,4.0,1
Greater Masaka,2019,12126,337.0,2.8585969972007805,4.0,1
Greater Masaka,2019,12613,824.0,6.989566545084401,4.0,0
Greater Masaka,2019,12334,545.0,4.622953600814318,4.0,1
Greater Masaka,2019,11824,35.0,0.2968869284926626,4.0,1
Greater Masaka,2019,11407,-382.0,-3.2403087624056326,4.0,1
Greater Masaka,2019,12316,527.0,4.470268894732378,4.0,1
Greater Masaka,2019,12163,374.0,3.1724488930358805,4.0,1
Greater Masaka,2019,12565,776.0,6.582407328865891,4.0,1
Greater Masaka,2019,11905,116.0,0.9839681058613962,4.0,1
Greater Masaka,2019,12812,1023.0,8.677580795656969,4.0,0
Greater Masaka,2019,11905,116.0,0.9839681058613962,4.0,0
Greater Masaka,2019,11405,-384.0,-3.2572737297480705,4.0,1
Greater Masaka,2019,11503,-286.0,-2.4259903299686147,4.0,1
Greater Masaka,2019,12097,308.0,2.6126049707354313,4.0,1
Greater Masaka,2019,11450,-339.0,-2.8755619645432184,4.0,1
Greater Masaka,2019,12807,1018.0,8.635168377300873,4.0,1
Greater Masaka,2019,12046,257.0,2.179998303503266,4.0,1
Greater Masaka,2019,11811,22.0,0.18661464076681653,4.0,1
Greater Masaka,2019,11859,70.0,0.5937738569853253,4.0,1
Albertine,2024,11316,-148.0,-1.2909979064898813,6.0,1
Albertine,2024,10507,-957.0,-8.347871598046057,6.0,1
Albertine,2024,11187,-277.0,-2.4162595952547106,6.0,1
Albertine,2024,12366,902.0,7.868108862526169,6.0,1
Albertine,2024,11592,128.0,1.1165387299371947,6.0,1
Albertine,2024,12064,600.0,5.2337752965806,6.0,1
Albertine,2024,12082,618.0,5.390788555478018,6.0,1
Albertine,2024,11441,-23.0,-0.20062805303558967,6.0,1
Albertine,2024,11837,373.0,3.253663642707606,6.0,1
Albertine,2024,10560,-904.0,-7.885554780181438,6.0,1
Albertine,2024,12310,846.0,7.379623168178647,6.0,1
Albertine,2024,12255,791.0,6.899860432658758,6.0,1
Albertine,2024,11747,283.0,2.4685973482205164,6.0,1
Albertine,2024,11613,149.0,1.2997208653175158,6.0,1
Albertine,2024,11449,-15.0,-0.130844382414515,6.0,1
Albertine,2024,12136,672.0,5.861828332170272,6.0,1
Albertine,2024,11906,442.0,3.8555478018143754,6.0,1
Albertine,2024,9831,-1633.0,-14.244591765526868,6.0,1
Albertine,2024,11256,-208.0,-1.8143754361479414,6.0,1
Albertine,2024,10822,-642.0,-5.600139567341242,6.0,1
Albertine,2023,11735,-813.0,-6.479120178514504,5.0,1
Albertine,2023,13276,728.0,5.8017213898629265,5.0,1
Albertine,2023,12518,-30.0,-0.23908192540643924,5.0,1
Albertine,2023,12847,299.0,2.3828498565508447,5.0,0
Albertine,2023,12596,48.0,0.38253108065030283,5.0,1
Albertine,2023,11743,-805.0,-6.41536499840612,5.0,1
Albertine,2023,11571,-977.0,-7.786101370736373,5.0,1
Albertine,2023,12279,-269.0,-2.1437679311444056,5.0,1
Albertine,2023,12329,-219.0,-1.7452980554670066,5.0,0
Albertine,2023,12328,-220.0,-1.7532674529805548,5.0,1
Albertine,2023,12346,-202.0,-1.6098182977366913,5.0,1
Albertine,2023,13850,1302.0,10.376155562639465,5.0,1
Albertine,2023,13194,646.0,5.148230793751992,5.0,1
Albertine,2023,12697,149.0,1.1874402295186484,5.0,1
Albertine,2023,12503,-45.0,-0.3586228881096589,5.0,1
Albertine,2023,12524,-24.0,-0.19126554032515142,5.0,1
Albertine,2023,13007,459.0,3.6579534587185205,5.0,1
Albertine,2023,12497,-51.0,-0.4064392731909468,5.0,1
Albertine,2023,13122,574.0,4.574434172776538,5.0,1
Albertine,2023,12765,217.0,1.7293592604399106,5.0,1
Albertine,2022,14958,1414.0,10.440047253396338,5.0,1
Albertine,2022,13449,-95.0,-0.7014176018901358,5.0,0
Albertine,2022,14294,750.0,5.537507383343178,5.0,1
Albertine,2022,12839,-705.0,-5.205256940342587,5.0,1
Albertine,2022,13121,-423.0,-3.1231541642055523,5.0,1
Albertine,2022,14840,1296.0,9.56881275841701,5.0,1
Albertine,2022,14133,589.0,4.348789131718842,5.0,1
Albertine,2022,13879,335.0,2.4734199645599526,5.0,1
Albertine,2022,15171,1627.0,12.0126993502658,5.0,1
Albertine,2022,13504,-40.0,-0.29533372711163614,5.0,1
Albertine,2022,14292,748.0,5.522740696987595,5.0,1
Albertine,2022,14347,803.0,5.9288245717660955,5.0,1
Albertine,2022,14650,1106.0,8.16597755463674,5.0,1
Albertine,2022,12767,-777.0,-5.736857649143532,5.0,1
Albertine,2022,13500,-44.0,-0.32486709982279977,5.0,1
Albertine,2022,13766,222.0,1.6391021854695806,5.0,1
Albertine,2022,14636,1092.0,8.062610750147666,5.0,1
Albertine,2022,13851,307.0,2.2666863555818075,5.0,1
Albertine,2022,14349,805.0,5.943591258121677,5.0,1
Albertine,2022,12712,-832.0,-6.1429415239220315,5.0,1
Albertine,2021,11019,-167.0,-1.4929376005721438,5.0,1
Albertine,2021,11955,769.0,6.8746647595208294,5.0,1
Albertine,2021,11089,-97.0,-0.8671553727874127,5.0,1
Albertine,2021,11194,8.0,0.07151796888968354,5.0,1
Albertine,2021,12077,891.0,7.965313785088503,5.0,1
Albertine,2021,10712,-474.0,-4.237439656713749,5.0,1
Albertine,2021,10828,-358.0,-3.200429107813338,5.0,1
Albertine,2021,10445,-741.0,-6.624351868406937,5.0,0
Albertine,2021,12104,918.0,8.206686930091186,5.0,1
Albertine,2021,11750,564.0,5.042016806722689,5.0,1
Albertine,2021,11735,549.0,4.9079206150545325,5.0,1
Albertine,2021,11004,-182.0,-1.6270337922403004,5.0,1
Albertine,2021,10408,-778.0,-6.955122474521723,5.0,1
Albertine,2021,10265,-921.0,-8.233506168424817,5.0,1
Albertine,2021,11960,774.0,6.919363490076883,5.0,1
Albertine,2021,11501,315.0,2.816020025031289,5.0,1
Albertine,2021,11610,424.0,3.790452351153227,5.0,1
Albertine,2021,11343,157.0,1.4035401394600393,5.0,1
Albertine,2021,10764,-422.0,-3.772572858930806,5.0,1
Albertine,2021,11029,-157.0,-1.4035401394600393,5.0,1
Albertine,2020,9915,-516.0,-4.9467932125395455,3.0,1
Albertine,2020,9855,-576.0,-5.52200172562554,3.0,1
Albertine,2020,10909,478.0,4.582494487585083,3.0,1
Albertine,2020,9611,-820.0,-7.861183012175246,3.0,1
Albertine,2020,9918,-513.0,-4.918032786885246,3.0,1
Albertine,2020,10313,-118.0,-1.131243409069121,3.0,1
Albertine,2020,10485,54.0,0.5176876617773942,3.0,1
Albertine,2020,9735,-696.0,-6.672418751797526,3.0,1
Albertine,2020,9600,-831.0,-7.966637906241012,3.0,1
Albertine,2020,10660,229.0,2.195379158278209,3.0,1
Albertine,2020,10547,116.0,1.1120697919662546,3.0,0
Albertine,2020,11142,711.0,6.816220880069025,3.0,1
Albertine,2020,10494,63.0,0.6039689387402933,3.0,1
Albertine,2020,10714,283.0,2.7130668200556034,3.0,1
Albertine,2020,10064,-367.0,-3.518358738375995,3.0,1
Albertine,2020,10085,-346.0,-3.317035758795897,3.0,1
Albertine,2020,9782,-649.0,-6.221838749880164,3.0,1
Albertine,2020,10069,-362.0,-3.4704246956188283,3.0,1
Albertine,2020,10277,-154.0,-1.476368516920717,3.0,1
Albertine,2020,11081,650.0,6.2314255584315985,3.0,0
Albertine,2019,9476,-414.0,-4.186046511627907,6.0,1
Albertine,2019,10950,1060.0,10.717896865520729,6.0,1
Albertine,2019,10203,313.0,3.1648129423660265,6.0,1
Albertine,2019,10094,204.0,2.062689585439838,6.0,0
Albertine,2019,9911,21.0,0.2123356926188069,6.0,1
Albertine,2019,9817,-73.0,-0.7381193124368048,6.0,1
Albertine,2019,9614,-276.0,-2.7906976744186047,6.0,1
Albertine,2019,9212,-678.0,-6.8554095045500505,6.0,1
Albertine,2019,9492,-398.0,-4.024266936299292,6.0,1
Albertine,2019,10700,810.0,8.190091001011123,6.0,1
Albertine,2019,10171,281.0,2.8412537917087968,6.0,1
Albertine,2019,10695,805.0,8.13953488372093,6.0,0
Albertine,2019,9602,-288.0,-2.912032355915066,6.0,1
Albertine,2019,9388,-502.0,-5.075834175935288,6.0,1
Albertine,2019,9906,16.0,0.16177957532861476,6.0,0
Albertine,2019,9509,-381.0,-3.852376137512639,6.0,1
Albertine,2019,10005,115.0,1.1627906976744187,6.0,1
Albertine,2019,9120,-770.0,-7.785642062689585,6.0,1
Albertine,2019,8904,-986.0,-9.969666329625884,6.0,1
Albertine,2019,10074,184.0,1.8604651162790697,6.0,1
KMP East,2024,12144,937.0,8.360845899884001,7.0,1
KMP East,2024,11441,234.0,2.087980726331757,7.0,0
KMP East,2024,11519,312.0,2.7839743017756757,7.0,1
KMP East,2024,11249,42.0,0.3747657713928795,7.0,1
KMP East,2024,11301,94.0,0.8387614883554921,7.0,0
KMP East,2024,10414,-793.0,-7.075934683679843,7.0,1
KMP East,2024,10794,-413.0,-3.685196752029981,7.0,1
KMP East,2024,11899,692.0,6.174712233425537,7.0,1
KMP East,2024,10594,-613.0,-5.469795663424645,7.0,1
KMP East,2024,11029,-178.0,-1.588293031141251,7.0,1
KMP East,2024,11886,679.0,6.058713304184884,7.0,1
KMP East,2024,11286,79.0,0.7049165700008923,7.0,1
KMP East,2024,11314,107.0,0.9547604175961453,7.0,1
KMP East,2024,11033,-174.0,-1.5526010529133578,7.0,1
KMP East,2024,11603,396.0,3.5335058445614345,7.0,0
KMP East,2024,11743,536.0,4.7827250825376995,7.0,1
KMP East,2024,10766,-441.0,-3.9350405996252342,7.0,0
KMP East,2024,10461,-746.0,-6.656553939502096,7.0,1
KMP East,2024,10178,-1029.0,-9.181761399125547,7.0,1
KMP East,2024,11491,284.0,2.534130454180423,7.0,1
KMP East,2023,11785,224.0,1.9375486549606433,7.0,1
KMP East,2023,13002,1441.0,12.464319695528069,7.0,1
KMP East,2023,11608,47.0,0.40653922671049214,7.0,1
KMP East,2023,11503,-58.0,-0.5016867053023095,7.0,1
KMP East,2023,11715,154.0,1.3320647002854424,7.0,1
KMP East,2023,11746,185.0,1.6002075944987457,7.0,1
KMP East,2023,11459,-102.0,-0.8822766196695787,7.0,1
KMP East,2023,11124,-437.0,-3.7799498313294695,7.0,1
KMP East,2023,11577,16.0,0.1383963324971888,7.0,1
KMP East,2023,11555,-6.0,-0.05189862468644581,7.0,1
KMP East,2023,11546,-15.0,-0.1297465617161145,7.0,1
KMP East,2023,12033,472.0,4.08269180866707,7.0,1
KMP East,2023,11566,5.0,0.04324885390537151,7.0,1
KMP East,2023,10802,-759.0,-6.565176022835395,7.0,1
KMP East,2023,11208,-353.0,-3.0533690857192286,7.0,0
KMP East,2023,11452,-109.0,-0.9428250151370989,7.0,1
KMP East,2023,11593,32.0,0.2767926649943776,7.0,1
KMP East,2023,11867,306.0,2.646829859008736,7.0,1
KMP East,2023,11598,37.0,0.32004151889974913,7.0,1
KMP East,2023,10419,-1142.0,-9.878038231986853,7.0,1
KMP East,2022,9855,-635.0,-6.053384175405148,7.0,1
KMP East,2022,10804,314.0,2.9933269780743563,7.0,1
KMP East,2022,10378,-112.0,-1.0676835081029552,7.0,0
KMP East,2022,11271,781.0,7.445185891325072,7.0,1
KMP East,2022,10567,77.0,0.7340324118207817,7.0,1
KMP East,2022,10313,-177.0,-1.6873212583412776,7.0,1
KMP East,2022,10168,-322.0,-3.0695900857959963,7.0,1
KMP East,2022,10331,-159.0,-1.5157292659675883,7.0,0
KMP East,2022,10574,84.0,0.8007626310772163,7.0,1
KMP East,2022,10491,1.0,0.009532888465204956,7.0,1
KMP East,2022,10988,498.0,4.747378455672068,7.0,1
KMP East,2022,9711,-779.0,-7.426120114394662,7.0,1
KMP East,2022,9773,-717.0,-6.8350810295519535,7.0,1
KMP East,2022,10372,-118.0,-1.1248808388941849,7.0,1
KMP East,2022,10773,283.0,2.697807435653003,7.0,1
KMP East,2022,10888,398.0,3.794089609151573,7.0,0
KMP East,2022,10187,-303.0,-2.888465204957102,7.0,0
KMP East,2022,9130,-1360.0,-12.96472831267874,7.0,1
KMP East,2022,10203,-287.0,-2.7359389895138224,7.0,1
KMP East,2022,10695,205.0,1.9542421353670163,7.0,1
KMP East,2021,8022,-7.0,-0.08718395815170009,8.0,1
KMP East,2021,8261,232.0,2.889525470170631,8.0,1
KMP East,2021,8509,480.0,5.97832855897372,8.0,0
KMP East,2021,7965,-64.0,-0.7971104745298293,8.0,1
KMP East,2021,7851,-178.0,-2.216963507286088,8.0,1
KMP East,2021,7673,-356.0,-4.433927014572176,8.0,1
KMP East,2021,7478,-551.0,-6.8626229916552495,8.0,1
KMP East,2021,7381,-648.0,-8.070743554614522,8.0,1
KMP East,2021,7760,-269.0,-3.350354963258189,8.0,1
KMP East,2021,8446,417.0,5.1936729356084195,8.0,1
KMP East,2021,8301,272.0,3.387719516751775,8.0,0
KMP East,2021,7833,-196.0,-2.4411508282476024,8.0,1
KMP East,2021,8895,866.0,10.785901108481752,8.0,1
KMP East,2021,7785,-244.0,-3.0389836841449744,8.0,1
KMP East,2021,8551,522.0,6.501432307883921,8.0,0
KMP East,2021,8655,626.0,7.796736828994893,8.0,1
KMP East,2021,8213,184.0,2.291692614273259,8.0,1
KMP East,2021,7756,-273.0,-3.4001743679163035,8.0,1
KMP East,2021,7882,-147.0,-1.8308631211857016,8.0,0
KMP East,2021,8103,74.0,0.9216589861751152,8.0,0
KMP East,2020,7822,-565.0,-6.73661619172529,10.0,1
KMP East,2020,7979,-408.0,-4.864671515440563,10.0,1
KMP East,2020,7947,-440.0,-5.246214379396685,10.0,1
KMP East,2020,8612,225.0,2.682723262191487,10.0,0
KMP East,2020,8884,497.0,5.925837605818528,10.0,1
KMP East,2020,8688,301.0,3.588887564087278,10.0,0
KMP East,2020,8804,417.0,4.971980445928223,10.0,1
KMP East,2020,8069,-318.0,-3.791582210563968,10.0,1
KMP East,2020,8251,-136.0,-1.6215571718135209,10.0,1
KMP East,2020,8281,-106.0,-1.2638607368546562,10.0,1
KMP East,2020,8578,191.0,2.2773339692381067,10.0,0
KMP East,2020,9294,907.0,10.81435555025635,10.0,1
KMP East,2020,8117,-270.0,-3.2192679146297842,10.0,1
KMP East,2020,8776,389.0,4.6381304399666154,10.0,1
KMP East,2020,9027,640.0,7.630857279122451,10.0,1
KMP East,2020,8599,212.0,2.5277214737093123,10.0,1
KMP East,2020,8233,-154.0,-1.83617503278884,10.0,1
KMP East,2020,8035,-352.0,-4.196971503517348,10.0,1
KMP East,2020,7948,-439.0,-5.234291164898056,10.0,1
KMP East,2020,7562,-825.0,-9.836651961368785,10.0,1
KMP East,2019,9533,-107.0,-1.1099585062240664,8.0,1
KMP East,2019,9506,-134.0,-1.3900414937759336,8.0,1
KMP East,2019,10054,414.0,4.2946058091286305,8.0,1
KMP East,2019,9358,-282.0,-2.925311203319502,8.0,1
KMP East,2019,9559,-81.0,-0.8402489626556017,8.0,1
KMP East,2019,9776,136.0,1.4107883817427387,8.0,1
KMP East,2019,9876,236.0,2.4481327800829877,8.0,1
KMP East,2019,9994,354.0,3.6721991701244816,8.0,1
KMP East,2019,9727,87.0,0.9024896265560165,8.0,1
KMP East,2019,9014,-626.0,-6.493775933609959,8.0,1
KMP East,2019,9832,192.0,1.9917012448132778,8.0,1
KMP East,2019,9326,-314.0,-3.257261410788382,8.0,1
KMP East,2019,10236,596.0,6.182572614107884,8.0,1
KMP East,2019,9650,10.0,0.1037344398340249,8.0,1
KMP East,2019,9756,116.0,1.203319502074689,8.0,1
KMP East,2019,10894,1254.0,13.008298755186724,8.0,1
KMP East,2019,10003,363.0,3.7655601659751037,8.0,1
KMP East,2019,9823,183.0,1.8983402489626555,8.0,1
KMP East,2019,9573,-67.0,-0.6950207468879668,8.0,0
KMP East,2019,9049,-591.0,-6.130705394190871,8.0,1
Aswa East,2024,4552,-49.0,-1.0649858726363834,21.0,0
Aswa East,2024,4405,-196.0,-4.259943490545534,21.0,0
Aswa East,2024,4985,384.0,8.346011736579005,21.0,0
Aswa East,2024,4691,90.0,1.9560965007607043,21.0,0
Aswa East,2024,4876,275.0,5.976961530102152,21.0,0
Aswa East,2024,4460,-141.0,-3.0645511845251034,21.0,1
Aswa East,2024,4420,-181.0,-3.933927407085416,21.0,0
Aswa East,2024,4750,149.0,3.238426429037166,21.0,0
Aswa East,2024,4396,-205.0,-4.455553140621604,21.0,0
Aswa East,2024,4500,-101.0,-2.1951749619647902,21.0,0
Aswa East,2024,4998,397.0,8.628559008911106,21.0,0
Aswa East,2024,4509,-92.0,-1.9995653118887198,21.0,0
Aswa East,2024,4274,-327.0,-7.107150619430559,21.0,0
Aswa East,2024,4195,-406.0,-8.824168658987176,21.0,1
Aswa East,2024,4250,-351.0,-7.628776352966746,21.0,0
Aswa East,2024,4891,290.0,6.302977613562269,21.0,1
Aswa East,2024,4474,-127.0,-2.7602695066289935,21.0,0
Aswa East,2024,5189,588.0,12.7798304716366,21.0,1
Aswa East,2024,4955,354.0,7.69397956965877,21.0,0
Aswa East,2024,5062,461.0,10.019560965007607,21.0,0
Aswa East,2023,3506,170.0,5.095923261390888,27.0,0
Aswa East,2023,3434,98.0,2.937649880095923,27.0,0
Aswa East,2023,3199,-137.0,-4.106714628297362,27.0,1
Aswa East,2023,3335,-1.0,-0.029976019184652276,27.0,0
Aswa East,2023,3452,116.0,3.477218225419664,27.0,0
Aswa East,2023,3495,159.0,4.766187050359712,27.0,0
Aswa East,2023,3145,-191.0,-5.725419664268585,27.0,0
Aswa East,2023,3303,-33.0,-0.9892086330935251,27.0,0
Aswa East,2023,3322,-14.0,-0.4196642685851319,27.0,0
Aswa East,2023,3315,-21.0,-0.6294964028776978,27.0,0
Aswa East,2023,3165,-171.0,-5.125899280575539,27.0,0
Aswa East,2023,3645,309.0,9.262589928057553,27.0,0
Aswa East,2023,3298,-38.0,-1.1390887290167866,27.0,0
Aswa East,2023,3175,-161.0,-4.8261390887290165,27.0,0
Aswa East,2023,3650,314.0,9.412470023980815,27.0,0
Aswa East,2023,3593,257.0,7.703836930455636,27.0,0
Aswa East,2023,3359,23.0,0.6894484412470023,27.0,0
Aswa East,2023,3041,-295.0,-8.842925659472423,27.0,0
Aswa East,2023,3258,-78.0,-2.338129496402878,27.0,0
Aswa East,2023,3070,-266.0,-7.973621103117506,27.0,0
Aswa East,2022,3397,85.0,2.566425120772947,27.0,0
Aswa East,2022,3223,-89.0,-2.6871980676328504,27.0,0
Aswa East,2022,3307,-5.0,-0.15096618357487923,27.0,0
Aswa East,2022,3605,293.0,8.846618357487923,27.0,0
Aswa East,2022,3212,-100.0,-3.0193236714975846,27.0,0
Aswa East,2022,3389,77.0,2.32487922705314,27.0,0
Aswa East,2022,3438,126.0,3.804347826086957,27.0,0
Aswa East,2022,3515,203.0,6.129227053140097,27.0,1
Aswa East,2022,3295,-17.0,-0.5132850241545894,27.0,0
Aswa East,2022,3278,-34.0,-1.0265700483091789,27.0,0
Aswa East,2022,3274,-38.0,-1.1473429951690821,27.0,0
Aswa East,2022,3372,60.0,1.8115942028985508,27.0,0
Aswa East,2022,3559,247.0,7.457729468599034,27.0,1
Aswa East,2022,3267,-45.0,-1.358695652173913,27.0,0
Aswa East,2022,2910,-402.0,-12.13768115942029,27.0,0
Aswa East,2022,3458,146.0,4.408212560386474,27.0,0
Aswa East,2022,3323,11.0,0.3321256038647343,27.0,0
Aswa East,2022,3397,85.0,2.566425120772947,27.0,1
Aswa East,2022,3053,-259.0,-7.820048309178744,27.0,0
Aswa East,2022,3224,-88.0,-2.657004830917874,27.0,0
Aswa East,2021,4260,162.0,3.953147877013177,23.0,0
Aswa East,2021,3840,-258.0,-6.295754026354319,23.0,0
Aswa East,2021,4193,95.0,2.318204001952172,23.0,0
Aswa East,2021,4090,-8.0,-0.19521717911176184,23.0,0
Aswa East,2021,3947,-151.0,-3.684724255734505,23.0,0
Aswa East,2021,3931,-167.0,-4.0751586139580285,23.0,0
Aswa East,2021,3889,-209.0,-5.1000488042947785,23.0,0
Aswa East,2021,4110,12.0,0.29282576866764276,23.0,0
Aswa East,2021,4134,36.0,0.8784773060029283,23.0,0
Aswa East,2021,4022,-76.0,-1.8545632015617375,23.0,1
Aswa East,2021,3878,-220.0,-5.368472425573451,23.0,0
Aswa East,2021,3499,-599.0,-14.616886285993166,23.0,0
Aswa East,2021,4187,89.0,2.1717911176183504,23.0,0
Aswa East,2021,4283,185.0,4.5143972669594925,23.0,0
Aswa East,2021,4224,126.0,3.074670571010249,23.0,1
Aswa East,2021,4519,421.0,10.273304050756467,23.0,0
Aswa East,2021,4060,-38.0,-0.9272816007808687,23.0,1
Aswa East,2021,4379,281.0,6.857003416300635,23.0,0
Aswa East,2021,3965,-133.0,-3.2454856027330408,23.0,0
Aswa East,2021,3934,-164.0,-4.0019521717911175,23.0,0
Aswa East,2020,3908,23.0,0.5920205920205921,25.0,0
Aswa East,2020,4200,315.0,8.108108108108109,25.0,0
Aswa East,2020,3828,-57.0,-1.4671814671814671,25.0,0
Aswa East,2020,3581,-304.0,-7.824967824967826,25.0,0
Aswa East,2020,4056,171.0,4.401544401544402,25.0,0
Aswa East,2020,3869,-16.0,-0.4118404118404118,25.0,0
Aswa East,2020,3943,58.0,1.492921492921493,25.0,0
Aswa East,2020,3738,-147.0,-3.783783783783784,25.0,0
Aswa East,2020,3907,22.0,0.5662805662805662,25.0,0
Aswa East,2020,3605,-280.0,-7.207207207207207,25.0,0
Aswa East,2020,4248,363.0,9.343629343629344,25.0,0
Aswa East,2020,4094,209.0,5.37966537966538,25.0,0
Aswa East,2020,3898,13.0,0.33462033462033464,25.0,0
Aswa East,2020,4050,165.0,4.247104247104247,25.0,0
Aswa East,2020,3759,-126.0,-3.2432432432432434,25.0,0
Aswa East,2020,4085,200.0,5.148005148005148,25.0,0
Aswa East,2020,3819,-66.0,-1.698841698841699,25.0,0
Aswa East,2020,3806,-79.0,-2.0334620334620337,25.0,0
Aswa East,2020,3699,-186.0,-4.787644787644788,25.0,0
Aswa East,2020,3967,82.0,2.1106821106821103,25.0,0
Aswa East,2019,5255,6.0,0.1143074871404077,23.0,0
Aswa East,2019,5619,370.0,7.048961706991808,23.0,0
Aswa East,2019,4970,-279.0,-5.315298152028958,23.0,0
Aswa East,2019,5361,112.0,2.133739759954277,23.0,0
Aswa East,2019,5560,311.0,5.924938083444466,23.0,0
Aswa East,2019,5928,679.0,12.935797294722803,23.0,0
Aswa East,2019,5300,51.0,0.9716136406934655,23.0,0
Aswa East,2019,5156,-93.0,-1.7717660506763193,23.0,0
Aswa East,2019,5293,44.0,0.8382549056963231,23.0,0
Aswa East,2019,5594,345.0,6.572680510573442,23.0,0
Aswa East,2019,5594,345.0,6.572680510573442,23.0,0
Aswa East,2019,5218,-31.0,-0.5905886835587731,23.0,0
Aswa East,2019,5589,340.0,6.477424271289769,23.0,0
Aswa East,2019,5242,-7.0,-0.13335873499714232,23.0,0
Aswa East,2019,5469,220.0,4.191274528481616,23.0,0
Aswa East,2019,5392,143.0,2.72432844351305,23.0,0
Aswa East,2019,5146,-103.0,-1.9622785292436655,23.0,0
Aswa East,2019,5006,-243.0,-4.629453229186511,23.0,0
Aswa East,2019,5568,319.0,6.077348066298343,23.0,0
Aswa East,2019,5648,399.0,7.601447894837111,23.0,0
Aswa West,2024,4670,92.0,2.0096111839231106,22.0,0
Aswa West,2024,4572,-6.0,-0.1310615989515072,22.0,0
Aswa West,2024,4308,-270.0,-5.897771952817824,22.0,0
Aswa West,2024,4849,271.0,5.919615552643076,22.0,1
Aswa West,2024,4642,64.0,1.397990388816077,22.0,0
Aswa West,2024,4518,-60.0,-1.310615989515072,22.0,0
Aswa West,2024,4777,199.0,4.34687636522499,22.0,0
Aswa West,2024,4269,-309.0,-6.749672346002621,22.0,0
Aswa West,2024,4349,-229.0,-5.002184359982524,22.0,1
Aswa West,2024,4422,-156.0,-3.4076015727391877,22.0,0
Aswa West,2024,4695,117.0,2.5557011795543905,22.0,0
Aswa West,2024,4619,41.0,0.8955875928352992,22.0,0
Aswa West,2024,4723,145.0,3.1673219746614247,22.0,0
Aswa West,2024,4832,254.0,5.548274355613805,22.0,0
Aswa West,2024,4731,153.0,3.3420707732634334,22.0,0
Aswa West,2024,5012,434.0,9.480122324159021,22.0,0
Aswa West,2024,4831,253.0,5.526430755788554,22.0,0
Aswa West,2024,4550,-28.0,-0.6116207951070336,22.0,0
Aswa West,2024,4455,-123.0,-2.686762778505898,22.0,0
Aswa West,2024,4557,-21.0,-0.45871559633027525,22.0,0
Aswa West,2023,5840,200.0,3.546099290780142,18.0,0
Aswa West,2023,5517,-123.0,-2.1808510638297873,18.0,0
Aswa West,2023,5848,208.0,3.6879432624113475,18.0,1
Aswa West,2023,5813,173.0,3.0673758865248226,18.0,0
Aswa West,2023,5376,-264.0,-4.680851063829787,18.0,0
Aswa West,2023,5946,306.0,5.425531914893617,18.0,0
Aswa West,2023,5743,103.0,1.8262411347517729,18.0,1
Aswa West,2023,6158,518.0,9.184397163120567,18.0,0
Aswa West,2023,5634,-6.0,-0.10638297872340426,18.0,0
Aswa West,2023,5554,-86.0,-1.5248226950354609,18.0,0
Aswa West,2023,5342,-298.0,-5.283687943262412,18.0,0
Aswa West,2023,5338,-302.0,-5.3546099290780145,18.0,1
Aswa West,2023,5907,267.0,4.73404255319149,18.0,0
Aswa West,2023,6122,482.0,8.546099290780141,18.0,0
Aswa West,2023,5610,-30.0,-0.5319148936170213,18.0,0
Aswa West,2023,5592,-48.0,-0.851063829787234,18.0,1
Aswa West,2023,5659,19.0,0.33687943262411346,18.0,1
Aswa West,2023,5967,327.0,5.797872340425532,18.0,0
Aswa West,2023,5378,-262.0,-4.6453900709219855,18.0,1
Aswa West,2023,5707,67.0,1.1879432624113475,18.0,0
Aswa West,2022,6380,296.0,4.865220249835635,18.0,0
Aswa West,2022,6236,152.0,2.498356344510191,18.0,0
Aswa West,2022,5261,-823.0,-13.527284681130835,18.0,0
Aswa West,2022,6290,206.0,3.385930309007232,18.0,0
Aswa West,2022,6239,155.0,2.5476660092044705,18.0,0
Aswa West,2022,6501,417.0,6.8540433925049316,18.0,0
Aswa West,2022,6574,490.0,8.053911900065746,18.0,0
Aswa West,2022,6483,399.0,6.558185404339251,18.0,0
Aswa West,2022,6106,22.0,0.3616042077580539,18.0,0
Aswa West,2022,5596,-488.0,-8.021038790269559,18.0,0
Aswa West,2022,6744,660.0,10.848126232741617,18.0,0
Aswa West,2022,6030,-54.0,-0.8875739644970414,18.0,0
Aswa West,2022,6097,13.0,0.2136752136752137,18.0,0
Aswa West,2022,6599,515.0,8.46482577251808,18.0,1
Aswa West,2022,5858,-226.0,-3.714661406969099,18.0,0
Aswa West,2022,5682,-402.0,-6.607495069033531,18.0,1
Aswa West,2022,5953,-131.0,-2.15318869165023,18.0,0
Aswa West,2022,5873,-211.0,-3.4681130834976988,18.0,0
Aswa West,2022,5656,-428.0,-7.034845496383959,18.0,0
Aswa West,2022,6058,-26.0,-0.4273504273504274,18.0,0
Aswa West,2021,5805,23.0,0.3977862331373227,15.0,0
Aswa West,2021,5360,-422.0,-7.298512625389139,15.0,0
Aswa West,2021,5692,-90.0,-1.5565548253199584,15.0,1
Aswa West,2021,5564,-218.0,-3.770321687997233,15.0,1
Aswa West,2021,5239,-543.0,-9.39121411276375,15.0,1
Aswa West,2021,5815,33.0,0.5707367692839848,15.0,1
Aswa West,2021,5843,61.0,1.0549982704946386,15.0,1
Aswa West,2021,5564,-218.0,-3.770321687997233,15.0,1
Aswa West,2021,6093,311.0,5.37876167416119,15.0,1
Aswa West,2021,5788,6.0,0.10377032168799724,15.0,1
Aswa West,2021,5577,-205.0,-3.545485991006572,15.0,1
Aswa West,2021,5344,-438.0,-7.575233483223798,15.0,1
Aswa West,2021,5859,77.0,1.331719128329298,15.0,1
Aswa West,2021,5929,147.0,2.5423728813559325,15.0,1
Aswa West,2021,5642,-140.0,-2.4213075060532687,15.0,1
Aswa West,2021,5824,42.0,0.7263922518159807,15.0,0
Aswa West,2021,6248,466.0,8.059494984434453,15.0,1
Aswa West,2021,6041,259.0,4.479418886198547,15.0,1
Aswa West,2021,5159,-623.0,-10.774818401937045,15.0,1
Aswa West,2021,5574,-208.0,-3.597371151850571,15.0,1
Aswa West,2020,5693,-38.0,-0.6630605478974001,17.0,1
Aswa West,2020,5753,22.0,0.3838771593090211,17.0,0
Aswa West,2020,5779,48.0,0.837550165765137,17.0,0
Aswa West,2020,5857,126.0,2.1985691851334845,17.0,0
Aswa West,2020,5702,-29.0,-0.5060198918164369,17.0,0
Aswa West,2020,5736,5.0,0.08724480893386843,17.0,0
Aswa West,2020,6004,273.0,4.7635665677892165,17.0,0
Aswa West,2020,5813,82.0,1.4308148665154423,17.0,0
Aswa West,2020,5403,-328.0,-5.723259466061769,17.0,1
Aswa West,2020,5762,31.0,0.5409178153899843,17.0,0
Aswa West,2020,5694,-37.0,-0.6456115861106264,17.0,0
Aswa West,2020,5191,-540.0,-9.42243936485779,17.0,1
Aswa West,2020,5776,45.0,0.785203280404816,17.0,0
Aswa West,2020,5436,-295.0,-5.147443727098238,17.0,0
Aswa West,2020,6008,277.0,4.833362414936311,17.0,0
Aswa West,2020,5853,122.0,2.12877333798639,17.0,0
Aswa West,2020,5388,-343.0,-5.984993892863375,17.0,0
Aswa West,2020,5994,263.0,4.58907694992148,17.0,0
Aswa West,2020,6130,399.0,6.9621357529227,17.0,0
Aswa West,2020,5659,-72.0,-1.2563252486477055,17.0,0
Aswa West,2019,5883,-40.0,-0.6753334458889076,17.0,0
Aswa West,2019,6163,240.0,4.0520006753334465,17.0,0
Aswa West,2019,6309,386.0,6.516967752827958,17.0,0
Aswa West,2019,5430,-493.0,-8.323484720580787,17.0,0
Aswa West,2019,5599,-324.0,-5.470200911700152,17.0,0
Aswa West,2019,5801,-122.0,-2.0597670099611682,17.0,0
Aswa West,2019,5831,-92.0,-1.5532669255444875,17.0,0
Aswa West,2019,6153,230.0,3.883167313861219,17.0,1
Aswa West,2019,6311,388.0,6.550734425122403,17.0,0
Aswa West,2019,6336,413.0,6.972817828802971,17.0,1
Aswa West,2019,5424,-499.0,-8.424784737464124,17.0,0
Aswa West,2019,5684,-239.0,-4.035117339186224,17.0,0
Aswa West,2019,5557,-366.0,-6.179301029883505,17.0,0
Aswa West,2019,5747,-176.0,-2.971467161911194,17.0,0
Aswa West,2019,5683,-240.0,-4.0520006753334465,17.0,0
Aswa West,2019,6048,125.0,2.1104170184028366,17.0,1
Aswa West,2019,6084,161.0,2.7182171197028535,17.0,0
Aswa West,2019,5924,1.0,0.01688333614722269,17.0,1
Aswa West,2019,5896,-27.0,-0.45585007597501265,17.0,0
Aswa West,2019,5813,-110.0,-1.857166976194496,17.0,1
Rwenzori West,2024,9611,-126.0,-1.2940330697340043,8.0,1
Rwenzori West,2024,10515,778.0,7.990140700421073,8.0,1
Rwenzori West,2024,10076,339.0,3.4815651638081544,8.0,1
Rwenzori West,2024,9574,-163.0,-1.6740269076717675,8.0,1
Rwenzori West,2024,9684,-53.0,-0.5443154975865256,8.0,1
Rwenzori West,2024,9954,217.0,2.2286125089863407,8.0,1
Rwenzori West,2024,9155,-582.0,-5.977200369723734,8.0,1
Rwenzori West,2024,9806,69.0,0.7086371572352881,8.0,1
Rwenzori West,2024,10047,310.0,3.1837321556947726,8.0,1
Rwenzori West,2024,9980,243.0,2.4956352059155797,8.0,1
Rwenzori West,2024,9353,-384.0,-3.943719831570299,8.0,0
Rwenzori West,2024,9434,-303.0,-3.111841429598439,8.0,1
Rwenzori West,2024,8773,-964.0,-9.900379993837937,8.0,1
Rwenzori West,2024,10101,364.0,3.7383177570093453,8.0,1
Rwenzori West,2024,10746,1009.0,10.362534661600083,8.0,1
Rwenzori West,2024,9289,-448.0,-4.601006470165349,8.0,1
Rwenzori West,2024,10273,536.0,5.504775598233542,8.0,1
Rwenzori West,2024,10690,953.0,9.787408852829413,8.0,1
Rwenzori West,2024,9510,-227.0,-2.3313135462668173,8.0,1
Rwenzori West,2024,9685,-52.0,-0.5340453938584779,8.0,1
Rwenzori West,2023,9705,121.0,1.2625208681135225,8.0,1
Rwenzori West,2023,9808,224.0,2.337228714524207,8.0,1
Rwenzori West,2023,9731,147.0,1.5338063439065108,8.0,1
Rwenzori West,2023,9396,-188.0,-1.961602671118531,8.0,1
Rwenzori West,2023,9881,297.0,3.098914858096828,8.0,1
Rwenzori West,2023,9406,-178.0,-1.857262103505843,8.0,1
Rwenzori West,2023,9764,180.0,1.8781302170283807,8.0,1
Rwenzori West,2023,9569,-15.0,-0.15651085141903173,8.0,1
Rwenzori West,2023,8734,-850.0,-8.868948247078464,8.0,1
Rwenzori West,2023,10188,604.0,6.302170283806344,8.0,1
Rwenzori West,2023,9298,-286.0,-2.9841402337228713,8.0,1
Rwenzori West,2023,10242,658.0,6.865609348914859,8.0,1
Rwenzori West,2023,10090,506.0,5.279632721202003,8.0,1
Rwenzori West,2023,9690,106.0,1.1060100166944908,8.0,1
Rwenzori West,2023,9833,249.0,2.5980801335559267,8.0,1
Rwenzori West,2023,9893,309.0,3.2241235392320537,8.0,1
Rwenzori West,2023,9489,-95.0,-0.9912353923205343,8.0,1
Rwenzori West,2023,9511,-73.0,-0.761686143572621,8.0,1
Rwenzori West,2023,9868,284.0,2.963272120200334,8.0,1
Rwenzori West,2023,8174,-1410.0,-14.712020033388981,8.0,1
Rwenzori West,2022,8783,-9.0,-0.10236578707916288,9.0,1
Rwenzori West,2022,8621,-171.0,-1.9449499545040945,9.0,1
Rwenzori West,2022,8452,-340.0,-3.867151956323931,9.0,1
Rwenzori West,2022,8970,178.0,2.024567788898999,9.0,1
Rwenzori West,2022,8516,-276.0,-3.1392174704276616,9.0,1
Rwenzori West,2022,9171,379.0,4.31073703366697,9.0,1
Rwenzori West,2022,9210,418.0,4.754322111010009,9.0,1
Rwenzori West,2022,9017,225.0,2.5591446769790718,9.0,0
Rwenzori West,2022,9110,318.0,3.6169244767970885,9.0,1
Rwenzori West,2022,9018,226.0,2.570518653321201,9.0,1
Rwenzori West,2022,9143,351.0,3.992265696087352,9.0,1
Rwenzori West,2022,9123,331.0,3.764786169244768,9.0,1
Rwenzori West,2022,8946,154.0,1.7515923566878981,9.0,0
Rwenzori West,2022,9262,470.0,5.345768880800728,9.0,1
Rwenzori West,2022,8720,-72.0,-0.8189262966333031,9.0,1
Rwenzori West,2022,8464,-328.0,-3.7306642402183803,9.0,0
Rwenzori West,2022,8443,-349.0,-3.9695177434030935,9.0,1
Rwenzori West,2022,8656,-136.0,-1.5468607825295724,9.0,1
Rwenzori West,2022,7959,-833.0,-9.474522292993631,9.0,0
Rwenzori West,2022,8885,93.0,1.0577797998180163,9.0,1
Rwenzori West,2021,8228,262.0,3.288978157167964,9.0,0
Rwenzori West,2021,8339,373.0,4.682400200853628,9.0,0
Rwenzori West,2021,7325,-641.0,-8.046698468491087,9.0,1
Rwenzori West,2021,7662,-304.0,-3.8162189304544314,9.0,1
Rwenzori West,2021,8296,330.0,4.142606075822244,9.0,1
Rwenzori West,2021,7888,-78.0,-0.9791614361034395,9.0,1
Rwenzori West,2021,8219,253.0,3.1759979914637206,9.0,1
Rwenzori West,2021,7472,-494.0,-6.2013557619884505,9.0,1
Rwenzori West,2021,8507,541.0,6.791363293999497,9.0,1
Rwenzori West,2021,7444,-522.0,-6.552849610846096,9.0,1
Rwenzori West,2021,6763,-1203.0,-15.101682149133818,9.0,1
Rwenzori West,2021,8039,73.0,0.9163946773788602,9.0,1
Rwenzori West,2021,8049,83.0,1.041928194828019,9.0,1
Rwenzori West,2021,7770,-196.0,-2.460456942003515,9.0,1
Rwenzori West,2021,8155,189.0,2.3725834797891037,9.0,1
Rwenzori West,2021,8167,201.0,2.5232237007280944,9.0,1
Rwenzori West,2021,8122,156.0,1.958322872206879,9.0,1
Rwenzori West,2021,7763,-203.0,-2.5483304042179262,9.0,1
Rwenzori West,2021,7689,-277.0,-3.4772784333417026,9.0,1
Rwenzori West,2021,7802,-164.0,-2.0587496861662067,9.0,0
Rwenzori West,2020,8705,-374.0,-4.1193964092961775,8.0,0
Rwenzori West,2020,9587,508.0,5.595329882145611,8.0,1
Rwenzori West,2020,8930,-149.0,-1.6411499063773545,8.0,1
Rwenzori West,2020,9149,70.0,0.7710100231303008,8.0,0
Rwenzori West,2020,9453,374.0,4.1193964092961775,8.0,1
Rwenzori West,2020,8685,-394.0,-4.339684987333406,8.0,1
Rwenzori West,2020,8468,-611.0,-6.729816059037338,8.0,1
Rwenzori West,2020,8707,-372.0,-4.097367551492455,8.0,1
Rwenzori West,2020,9198,119.0,1.310717039321511,8.0,1
Rwenzori West,2020,9166,87.0,0.9582553144619451,8.0,1
Rwenzori West,2020,9256,177.0,1.9495539156294748,8.0,0
Rwenzori West,2020,9032,-47.0,-0.5176781583874877,8.0,1
Rwenzori West,2020,7971,-1108.0,-12.203987223262473,8.0,1
Rwenzori West,2020,9018,-61.0,-0.6718801630135478,8.0,1
Rwenzori West,2020,9517,438.0,4.8243198590153105,8.0,1
Rwenzori West,2020,9640,561.0,6.179094613944267,8.0,1
Rwenzori West,2020,9119,40.0,0.4405771560744575,8.0,1
Rwenzori West,2020,9168,89.0,0.9802841722656681,8.0,1
Rwenzori West,2020,9358,279.0,3.0730256636193416,8.0,0
Rwenzori West,2020,9625,546.0,6.013878180416345,8.0,1
Rwenzori West,2019,8642,0.0,0.0,11.0,1
Rwenzori West,2019,8901,259.0,2.9969914371673223,11.0,1
Rwenzori West,2019,8404,-238.0,-2.753992131451053,11.0,1
Rwenzori West,2019,8114,-528.0,-6.10969682943763,11.0,0
Rwenzori West,2019,8446,-196.0,-2.267993520018514,11.0,1
Rwenzori West,2019,9269,627.0,7.2552649849571855,11.0,1
Rwenzori West,2019,8910,268.0,3.101133996760009,11.0,1
Rwenzori West,2019,8149,-493.0,-5.704697986577181,11.0,1
Rwenzori West,2019,8931,289.0,3.3441333024762785,11.0,1
Rwenzori West,2019,8178,-464.0,-5.369127516778524,11.0,1
Rwenzori West,2019,8804,162.0,1.8745660726683637,11.0,1
Rwenzori West,2019,8252,-390.0,-4.512844249016432,11.0,1
Rwenzori West,2019,8128,-514.0,-5.947697292293451,11.0,1
Rwenzori West,2019,9351,709.0,8.204119416801667,11.0,1
Rwenzori West,2019,8500,-142.0,-1.643138162462393,11.0,1
Rwenzori West,2019,8902,260.0,3.008562832677621,11.0,0
Rwenzori West,2019,8659,17.0,0.19671372367507522,11.0,1
Rwenzori West,2019,8208,-434.0,-5.021985651469567,11.0,1
Rwenzori West,2019,8543,-99.0,-1.1455681555195556,11.0,1
Rwenzori West,2019,8212,-430.0,-4.975700069428373,11.0,1
East Kyoga,2024,8952,963.0,12.054074352234322,9.0,0
East Kyoga,2024,8302,313.0,3.917887094755289,9.0,1
East Kyoga,2024,7997,8.0,0.10013768932281887,9.0,1
East Kyoga,2024,8207,218.0,2.7287520340468143,9.0,1
East Kyoga,2024,8274,285.0,3.5674051821254222,9.0,1
East Kyoga,2024,8275,286.0,3.579922393290775,9.0,1
East Kyoga,2024,8257,268.0,3.354612592314432,9.0,1
East Kyoga,2024,8225,236.0,2.9540618350231567,9.0,1
East Kyoga,2024,8029,40.0,0.5006884466140944,9.0,1
East Kyoga,2024,8607,618.0,7.735636500187757,9.0,1
East Kyoga,2024,8054,65.0,0.8136187257479034,9.0,1
East Kyoga,2024,8009,20.0,0.2503442233070472,9.0,0
East Kyoga,2024,8058,69.0,0.8636875704093128,9.0,1
East Kyoga,2024,8086,97.0,1.2141694830391787,9.0,1
East Kyoga,2024,7349,-640.0,-8.01101514582551,9.0,0
East Kyoga,2024,7658,-331.0,-4.143196895731631,9.0,1
East Kyoga,2024,7947,-42.0,-0.5257228689447991,9.0,1
East Kyoga,2024,7332,-657.0,-8.2238077356365,9.0,1
East Kyoga,2024,7997,8.0,0.10013768932281887,9.0,1
East Kyoga,2024,8081,92.0,1.151583427212417,9.0,0
East Kyoga,2023,8931,-601.0,-6.305077633235418,9.0,1
East Kyoga,2023,9238,-294.0,-3.0843474611833823,9.0,1
East Kyoga,2023,10142,610.0,6.399496433067561,9.0,1
East Kyoga,2023,9797,265.0,2.780109106168695,9.0,1
East Kyoga,2023,9769,237.0,2.486361728913135,9.0,1
East Kyoga,2023,10075,543.0,5.696600923206043,9.0,1
East Kyoga,2023,9145,-387.0,-4.0600083927822075,9.0,1
East Kyoga,2023,8932,-600.0,-6.294586655476291,9.0,1
East Kyoga,2023,10002,470.0,4.93075954678976,9.0,1
East Kyoga,2023,9495,-37.0,-0.38816617708770457,9.0,0
East Kyoga,2023,9133,-399.0,-4.185900125891733,9.0,1
East Kyoga,2023,10527,995.0,10.438522870331516,9.0,1
East Kyoga,2023,8765,-767.0,-8.046579941250524,9.0,1
East Kyoga,2023,9620,88.0,0.9232060428031893,9.0,1
East Kyoga,2023,9441,-91.0,-0.9546789760805706,9.0,1
East Kyoga,2023,9361,-171.0,-1.7939571968107428,9.0,1
East Kyoga,2023,8477,-1055.0,-11.067981535879143,9.0,0
East Kyoga,2023,10262,730.0,7.6584137641628205,9.0,1
East Kyoga,2023,8853,-679.0,-7.123373898447335,9.0,0
East Kyoga,2023,9404,-128.0,-1.3428451531682752,9.0,1
East Kyoga,2022,9186,-202.0,-2.151682999573924,8.0,1
East Kyoga,2022,9664,276.0,2.93992330634853,8.0,1
East Kyoga,2022,8637,-751.0,-7.9995739241585,8.0,1
East Kyoga,2022,9604,216.0,2.3008095440988496,8.0,1
East Kyoga,2022,9477,89.0,0.9480187473370261,8.0,1
East Kyoga,2022,9077,-311.0,-3.312739667660844,8.0,1
East Kyoga,2022,9587,199.0,2.11972731146144,8.0,1
East Kyoga,2022,9396,8.0,0.08521516829995739,8.0,1
East Kyoga,2022,10234,846.0,9.011504047720493,8.0,1
East Kyoga,2022,9298,-90.0,-0.9586706433745207,8.0,1
East Kyoga,2022,8939,-449.0,-4.782701320835109,8.0,1
East Kyoga,2022,9609,221.0,2.3540690242863227,8.0,1
East Kyoga,2022,9241,-147.0,-1.5658287175117171,8.0,0
East Kyoga,2022,9387,-1.0,-0.010651896037494673,8.0,1
East Kyoga,2022,8801,-587.0,-6.2526629740093735,8.0,1
East Kyoga,2022,9671,283.0,3.0144865786109927,8.0,1
East Kyoga,2022,9167,-221.0,-2.3540690242863227,8.0,1
East Kyoga,2022,9512,124.0,1.3208351086493395,8.0,0
East Kyoga,2022,10373,985.0,10.492117596932255,8.0,1
East Kyoga,2022,9272,-116.0,-1.2356199403493822,8.0,1
East Kyoga,2021,10217,366.0,3.715358846817582,7.0,1
East Kyoga,2021,9761,-90.0,-0.9136128311846512,7.0,0
East Kyoga,2021,9531,-320.0,-3.248401177545427,7.0,1
East Kyoga,2021,10501,650.0,6.5983148918891485,7.0,1
East Kyoga,2021,8931,-920.0,-9.339153385443103,7.0,1
East Kyoga,2021,10347,496.0,5.035021825195412,7.0,1
East Kyoga,2021,8880,-971.0,-9.856867323114404,7.0,1
East Kyoga,2021,10290,439.0,4.456400365445132,7.0,1
East Kyoga,2021,9858,7.0,0.0710587757588062,7.0,1
East Kyoga,2021,9381,-470.0,-4.771089229519846,7.0,0
East Kyoga,2021,9650,-201.0,-2.0404019896457215,7.0,1
East Kyoga,2021,10189,338.0,3.431123743782357,7.0,1
East Kyoga,2021,10824,973.0,9.877169830474063,7.0,1
East Kyoga,2021,9080,-771.0,-7.826616587148513,7.0,1
East Kyoga,2021,9408,-443.0,-4.497005380164451,7.0,1
East Kyoga,2021,9195,-656.0,-6.659222413968124,7.0,1
East Kyoga,2021,9757,-94.0,-0.9542178459039692,7.0,1
East Kyoga,2021,10304,453.0,4.598517916962745,7.0,1
East Kyoga,2021,9136,-715.0,-7.258146381078063,7.0,1
East Kyoga,2021,9845,-6.0,-0.06090752207897675,7.0,1
East Kyoga,2020,9915,421.0,4.434379608173583,7.0,1
East Kyoga,2020,9294,-200.0,-2.106593638087213,7.0,0
East Kyoga,2020,8257,-1237.0,-13.029281651569413,7.0,1
East Kyoga,2020,9588,94.0,0.9900990099009901,7.0,1
East Kyoga,2020,10080,586.0,6.172319359595535,7.0,1
East Kyoga,2020,8985,-509.0,-5.361280808931957,7.0,1
East Kyoga,2020,8649,-845.0,-8.900358120918476,7.0,1
East Kyoga,2020,9645,151.0,1.5904781967558457,7.0,0
East Kyoga,2020,9659,165.0,1.7379397514219508,7.0,0
East Kyoga,2020,9262,-232.0,-2.4436486201811674,7.0,1
East Kyoga,2020,9173,-321.0,-3.381082789129977,7.0,1
East Kyoga,2020,9510,16.0,0.16852749104697703,7.0,1
East Kyoga,2020,8977,-517.0,-5.445544554455446,7.0,1
East Kyoga,2020,8978,-516.0,-5.435011586265009,7.0,0
East Kyoga,2020,9816,322.0,3.3916157573204133,7.0,1
East Kyoga,2020,8948,-546.0,-5.7510006319780915,7.0,1
East Kyoga,2020,8674,-820.0,-8.637033916157574,7.0,1
East Kyoga,2020,9172,-322.0,-3.3916157573204133,7.0,1
East Kyoga,2020,9273,-221.0,-2.3277859700863703,7.0,1
East Kyoga,2020,9713,219.0,2.3067200337054983,7.0,1
East Kyoga,2019,9231,-285.0,-2.994955863808323,9.0,1
East Kyoga,2019,10192,676.0,7.103825136612022,9.0,1
East Kyoga,2019,9556,40.0,0.4203446826397646,9.0,1
East Kyoga,2019,9131,-385.0,-4.045817570407735,9.0,1
East Kyoga,2019,9715,199.0,2.091214796132829,9.0,1
East Kyoga,2019,10182,666.0,6.998738965952081,9.0,0
East Kyoga,2019,9825,309.0,3.2471626733921815,9.0,1
East Kyoga,2019,8800,-716.0,-7.524169819251786,9.0,1
East Kyoga,2019,9333,-183.0,-1.9230769230769231,9.0,1
East Kyoga,2019,9635,119.0,1.2505254308532996,9.0,1
East Kyoga,2019,9804,288.0,3.0264817150063053,9.0,1
East Kyoga,2019,9428,-88.0,-0.9247583018074821,9.0,1
East Kyoga,2019,9363,-153.0,-1.6078184110970994,9.0,1
East Kyoga,2019,10370,854.0,8.974358974358974,9.0,1
East Kyoga,2019,9832,316.0,3.32072299285414,9.0,1
East Kyoga,2019,9716,200.0,2.1017234131988234,9.0,1
East Kyoga,2019,9250,-266.0,-2.7952921395544346,9.0,1
East Kyoga,2019,8992,-524.0,-5.506515342580917,9.0,1
East Kyoga,2019,9725,209.0,2.19630096679277,9.0,1
East Kyoga,2019,9886,370.0,3.8881883144178224,9.0,1
Busoga East,2024,7269,-3.0,-0.041254125412541254,12.0,1
Busoga East,2024,7515,243.0,3.341584158415842,12.0,1
Busoga East,2024,7524,252.0,3.4653465346534658,12.0,1
Busoga East,2024,7580,308.0,4.235423542354235,12.0,0
Busoga East,2024,6720,-552.0,-7.590759075907591,12.0,1
Busoga East,2024,7142,-130.0,-1.7876787678767876,12.0,1
Busoga East,2024,7454,182.0,2.502750275027503,12.0,0
Busoga East,2024,7290,18.0,0.24752475247524752,12.0,1
Busoga East,2024,7526,254.0,3.4928492849284924,12.0,1
Busoga East,2024,7425,153.0,2.103960396039604,12.0,1
Busoga East,2024,6489,-783.0,-10.767326732673267,12.0,1
Busoga East,2024,7670,398.0,5.473047304730473,12.0,1
Busoga East,2024,7097,-175.0,-2.4064906490649065,12.0,1
Busoga East,2024,6958,-314.0,-4.3179317931793175,12.0,1
Busoga East,2024,7657,385.0,5.294279427942794,12.0,1
Busoga East,2024,7496,224.0,3.08030803080308,12.0,1
Busoga East,2024,7712,440.0,6.050605060506051,12.0,1
Busoga East,2024,7366,94.0,1.2926292629262925,12.0,0
Busoga East,2024,7137,-135.0,-1.8564356435643563,12.0,1
Busoga East,2024,7324,52.0,0.7150715071507151,12.0,1
Busoga East,2023,7018,-381.0,-5.149344506014327,13.0,1
Busoga East,2023,6898,-501.0,-6.771185295310176,13.0,1
Busoga East,2023,7166,-233.0,-3.1490741992161104,13.0,0
Busoga East,2023,7966,567.0,7.663197729422895,13.0,1
Busoga East,2023,7200,-199.0,-2.6895526422489526,13.0,1
Busoga East,2023,6767,-632.0,-8.541694823624814,13.0,1
Busoga East,2023,7341,-58.0,-0.783889714826328,13.0,1
Busoga East,2023,7196,-203.0,-2.7436140018921478,13.0,1
Busoga East,2023,7812,413.0,5.581835383159887,13.0,1
Busoga East,2023,7934,535.0,7.2307068522773355,13.0,1
Busoga East,2023,7246,-153.0,-2.06784700635221,13.0,1
Busoga East,2023,7495,96.0,1.2974726314366807,13.0,1
Busoga East,2023,7526,127.0,1.7164481686714421,13.0,0
Busoga East,2023,7381,-18.0,-0.24327611839437763,13.0,1
Busoga East,2023,7313,-86.0,-1.162319232328693,13.0,1
Busoga East,2023,7057,-342.0,-4.622246249493175,13.0,1
Busoga East,2023,6716,-683.0,-9.230977159075552,13.0,1
Busoga East,2023,7055,-344.0,-4.649276929314772,13.0,1
Busoga East,2023,7368,-31.0,-0.41897553723476144,13.0,1
Busoga East,2023,6862,-537.0,-7.257737532098932,13.0,1
Busoga East,2022,7378,75.0,1.0269752156647953,13.0,1
Busoga East,2022,7328,25.0,0.3423250718882651,13.0,0
Busoga East,2022,7103,-200.0,-2.738600575106121,13.0,1
Busoga East,2022,7203,-100.0,-1.3693002875530604,13.0,1
Busoga East,2022,6828,-475.0,-6.504176365877037,13.0,0
Busoga East,2022,7605,302.0,4.135286868410242,13.0,1
Busoga East,2022,7599,296.0,4.053128851157059,13.0,1
Busoga East,2022,6883,-420.0,-5.751061207722854,13.0,1
Busoga East,2022,6893,-410.0,-5.614131178967548,13.0,1
Busoga East,2022,6967,-336.0,-4.600848966178283,13.0,1
Busoga East,2022,7504,201.0,2.7522935779816518,13.0,1
Busoga East,2022,7427,124.0,1.6979323565657949,13.0,1
Busoga East,2022,7685,382.0,5.23072709845269,13.0,1
Busoga East,2022,7730,427.0,5.846912227851568,13.0,0
Busoga East,2022,6743,-560.0,-7.668081610297138,13.0,1
Busoga East,2022,7490,187.0,2.560591537724223,13.0,1
Busoga East,2022,7713,410.0,5.614131178967548,13.0,1
Busoga East,2022,7181,-122.0,-1.6705463508147338,13.0,1
Busoga East,2022,7294,-9.0,-0.12323702587977543,13.0,0
Busoga East,2022,7239,-64.0,-0.8763521840339585,13.0,1
Busoga East,2021,5747,-39.0,-0.6740407881092292,14.0,1
Busoga East,2021,6024,238.0,4.1133771171793985,14.0,1
Busoga East,2021,6292,506.0,8.745247148288973,14.0,1
Busoga East,2021,6185,399.0,6.895955755271345,14.0,1
Busoga East,2021,5640,-146.0,-2.523332181126858,14.0,1
Busoga East,2021,5862,76.0,1.3135153819564467,14.0,1
Busoga East,2021,5559,-227.0,-3.9232630487383338,14.0,1
Busoga East,2021,5586,-200.0,-3.4566194262011756,14.0,1
Busoga East,2021,5766,-20.0,-0.3456619426201175,14.0,1
Busoga East,2021,5578,-208.0,-3.5948842032492228,14.0,1
Busoga East,2021,5618,-168.0,-2.9035603180089873,14.0,1
Busoga East,2021,5855,69.0,1.1925337020394053,14.0,1
Busoga East,2021,5930,144.0,2.488765986864846,14.0,1
Busoga East,2021,5922,136.0,2.3505012098167994,14.0,1
Busoga East,2021,5925,139.0,2.4023505012098165,14.0,1
Busoga East,2021,5427,-359.0,-6.204631870031109,14.0,1
Busoga East,2021,5565,-221.0,-3.8195644659522987,14.0,1
Busoga East,2021,5796,10.0,0.17283097131005876,14.0,1
Busoga East,2021,6096,310.0,5.357760110611822,14.0,1
Busoga East,2021,6469,683.0,11.804355340477013,14.0,1
Busoga East,2020,6166,92.0,1.51465261771485,16.0,0
Busoga East,2020,6293,219.0,3.605531774777741,16.0,0
Busoga East,2020,5667,-407.0,-6.700691471847217,16.0,0
Busoga East,2020,6284,210.0,3.457359236088245,16.0,0
Busoga East,2020,6679,605.0,9.960487323016135,16.0,0
Busoga East,2020,5841,-233.0,-3.8360223905169577,16.0,1
Busoga East,2020,5907,-167.0,-2.749423773460652,16.0,0
Busoga East,2020,6335,261.0,4.2970036219953895,16.0,1
Busoga East,2020,6081,7.0,0.11524530786960817,16.0,1
Busoga East,2020,5490,-584.0,-9.614751399407309,16.0,0
Busoga East,2020,5924,-150.0,-2.4695423114916037,16.0,0
Busoga East,2020,6512,438.0,7.211063549555482,16.0,0
Busoga East,2020,5989,-85.0,-1.399407309845242,16.0,1
Busoga East,2020,5989,-85.0,-1.399407309845242,16.0,0
Busoga East,2020,6314,240.0,3.951267698386566,16.0,0
Busoga East,2020,6177,103.0,1.6957523872242344,16.0,0
Busoga East,2020,5973,-101.0,-1.6628251564043466,16.0,0
Busoga East,2020,5888,-186.0,-3.0622324662495886,16.0,0
Busoga East,2020,6969,895.0,14.7349357918999,16.0,0
Busoga East,2020,6452,378.0,6.223246624958842,16.0,0
Busoga East,2019,6703,157.0,2.3984112435074856,15.0,0
Busoga East,2019,6725,179.0,2.7344943476932477,15.0,0
Busoga East,2019,6504,-42.0,-0.6416131989000917,15.0,0
Busoga East,2019,6653,107.0,1.6345860067216622,15.0,0
Busoga East,2019,6470,-76.0,-1.1610143599144516,15.0,0
Busoga East,2019,6267,-279.0,-4.2621448212648945,15.0,0
Busoga East,2019,6666,120.0,1.833180568285976,15.0,0
Busoga East,2019,6443,-103.0,-1.5734799877787962,15.0,0
Busoga East,2019,6683,137.0,2.0928811487931562,15.0,0
Busoga East,2019,6744,198.0,3.0247479376718607,15.0,0
Busoga East,2019,6701,155.0,2.3678582340360523,15.0,0
Busoga East,2019,6242,-304.0,-4.644057439657806,15.0,0
Busoga East,2019,6409,-137.0,-2.0928811487931562,15.0,0
Busoga East,2019,6449,-97.0,-1.4818209593644973,15.0,1
Busoga East,2019,6865,319.0,4.873205010693553,15.0,0
Busoga East,2019,6846,300.0,4.582951420714941,15.0,0
Busoga East,2019,6313,-233.0,-3.559425603421937,15.0,0
Busoga East,2019,6134,-412.0,-6.293919951115185,15.0,0
Busoga East,2019,7340,794.0,12.129544760158876,15.0,0
Busoga East,2019,6687,141.0,2.153987167736022,15.0,1
Wamala,2024,7261,-538.0,-6.898320297474035,10.0,1
Wamala,2024,7578,-221.0,-2.8336966277727917,10.0,1
Wamala,2024,8197,398.0,5.103218361328375,10.0,1
Wamala,2024,8613,814.0,10.437235543018335,10.0,1
Wamala,2024,8528,729.0,9.347352224644185,10.0,1
Wamala,2024,7950,151.0,1.9361456596999616,10.0,1
Wamala,2024,6771,-1028.0,-13.181177073983843,10.0,1
Wamala,2024,7800,1.0,0.012822156686754713,10.0,1
Wamala,2024,7403,-396.0,-5.077574047954866,10.0,1
Wamala,2024,7832,33.0,0.4231311706629055,10.0,1
Wamala,2024,7449,-350.0,-4.487754840364149,10.0,1
Wamala,2024,7639,-160.0,-2.051545069880754,10.0,1
Wamala,2024,8133,334.0,4.282600333376074,10.0,1
Wamala,2024,7707,-92.0,-1.1796384151814336,10.0,1
Wamala,2024,7682,-117.0,-1.5001923323503012,10.0,1
Wamala,2024,7779,-20.0,-0.25644313373509425,10.0,0
Wamala,2024,8820,1021.0,13.091421977176562,10.0,1
Wamala,2024,7365,-434.0,-5.564816002051545,10.0,1
Wamala,2024,7908,109.0,1.3976150788562636,10.0,1
Wamala,2024,8484,685.0,8.783177330426978,10.0,1
Wamala,2023,6622,-18.0,-0.2710843373493976,16.0,0
Wamala,2023,7046,406.0,6.114457831325301,16.0,0
Wamala,2023,6202,-438.0,-6.596385542168674,16.0,0
Wamala,2023,6572,-68.0,-1.0240963855421688,16.0,0
Wamala,2023,6374,-266.0,-4.006024096385542,16.0,0
Wamala,2023,6618,-22.0,-0.3313253012048193,16.0,0
Wamala,2023,6625,-15.0,-0.2259036144578313,16.0,1
Wamala,2023,6659,19.0,0.286144578313253,16.0,0
Wamala,2023,6921,281.0,4.231927710843373,16.0,0
Wamala,2023,5894,-746.0,-11.234939759036145,16.0,1
Wamala,2023,6438,-202.0,-3.0421686746987953,16.0,0
Wamala,2023,6710,70.0,1.0542168674698795,16.0,0
Wamala,2023,6016,-624.0,-9.397590361445783,16.0,0
Wamala,2023,6845,205.0,3.087349397590361,16.0,0
Wamala,2023,6432,-208.0,-3.132530120481928,16.0,0
Wamala,2023,6578,-62.0,-0.9337349397590362,16.0,0
Wamala,2023,6937,297.0,4.47289156626506,16.0,0
Wamala,2023,7063,423.0,6.370481927710843,16.0,1
Wamala,2023,6856,216.0,3.2530120481927707,16.0,0
Wamala,2023,6262,-378.0,-5.692771084337349,16.0,1
Wamala,2022,6132,178.0,2.989586832381592,20.0,0
Wamala,2022,6152,198.0,3.3254954652334563,20.0,1
Wamala,2022,6090,136.0,2.2841787033926773,20.0,0
Wamala,2022,6387,433.0,7.272421901242862,20.0,0
Wamala,2022,5978,24.0,0.40309035942223714,20.0,0
Wamala,2022,6373,419.0,7.037285858246557,20.0,0
Wamala,2022,6371,417.0,7.0036949949613705,20.0,0
Wamala,2022,6161,207.0,3.4766543500167955,20.0,0
Wamala,2022,6042,88.0,1.4779979845482027,20.0,0
Wamala,2022,6091,137.0,2.3009741350352706,20.0,0
Wamala,2022,6460,506.0,8.498488411152167,20.0,0
Wamala,2022,6272,318.0,5.340947262344643,20.0,0
Wamala,2022,5646,-308.0,-5.17299294591871,20.0,0
Wamala,2022,6072,118.0,1.9818609338259994,20.0,0
Wamala,2022,5701,-253.0,-4.249244205576083,20.0,0
Wamala,2022,5759,-195.0,-3.2751091703056767,20.0,0
Wamala,2022,5843,-111.0,-1.8642929123278469,20.0,0
Wamala,2022,5535,-419.0,-7.037285858246557,20.0,0
Wamala,2022,5683,-271.0,-4.551561975142762,20.0,0
Wamala,2022,6406,452.0,7.591535102452133,20.0,0
Wamala,2021,5022,-171.0,-3.2928942807625647,20.0,0
Wamala,2021,5414,221.0,4.255728865780859,20.0,0
Wamala,2021,5237,44.0,0.8472944348160986,20.0,0
Wamala,2021,5336,143.0,2.75370691315232,20.0,0
Wamala,2021,5348,155.0,2.984787213556711,20.0,0
Wamala,2021,4946,-247.0,-4.756402849990372,20.0,0
Wamala,2021,5413,220.0,4.236472174080493,20.0,0
Wamala,2021,4872,-321.0,-6.1813980358174465,20.0,0
Wamala,2021,5012,-181.0,-3.4854611977662238,20.0,1
Wamala,2021,5344,151.0,2.9077604467552476,20.0,0
Wamala,2021,4931,-262.0,-5.04525322549586,20.0,1
Wamala,2021,4683,-510.0,-9.820912767186597,20.0,0
Wamala,2021,5283,90.0,1.733102253032929,20.0,1
Wamala,2021,4786,-407.0,-7.837473522048912,20.0,0
Wamala,2021,5369,176.0,3.3891777392643943,20.0,0
Wamala,2021,5114,-79.0,-1.5212786443289044,20.0,0
Wamala,2021,5279,86.0,1.6560754862314655,20.0,0
Wamala,2021,5275,82.0,1.579048719430002,20.0,0
Wamala,2021,5389,196.0,3.774311573271712,20.0,0
Wamala,2021,5352,159.0,3.0618139803581745,20.0,0
Wamala,2020,4926,-264.0,-5.086705202312139,19.0,1
Wamala,2020,5126,-64.0,-1.2331406551059731,19.0,0
Wamala,2020,5276,86.0,1.6570327552986512,19.0,0
Wamala,2020,5561,371.0,7.148362235067437,19.0,0
Wamala,2020,5351,161.0,3.1021194605009637,19.0,0
Wamala,2020,5534,344.0,6.628131021194605,19.0,1
Wamala,2020,5290,100.0,1.9267822736030826,19.0,0
Wamala,2020,5473,283.0,5.452793834296724,19.0,0
Wamala,2020,5254,64.0,1.2331406551059731,19.0,0
Wamala,2020,5461,271.0,5.2215799614643545,19.0,0
Wamala,2020,5098,-92.0,-1.7726396917148364,19.0,0
Wamala,2020,5595,405.0,7.803468208092486,19.0,0
Wamala,2020,5319,129.0,2.485549132947977,19.0,0
Wamala,2020,4826,-364.0,-7.0134874759152215,19.0,0
Wamala,2020,5285,95.0,1.8304431599229287,19.0,0
Wamala,2020,4645,-545.0,-10.500963391136802,19.0,0
Wamala,2020,5352,162.0,3.121387283236994,19.0,0
Wamala,2020,5419,229.0,4.41233140655106,19.0,1
Wamala,2020,5697,507.0,9.768786127167632,19.0,0
Wamala,2020,5058,-132.0,-2.5433526011560694,19.0,0
Wamala,2019,6204,554.0,9.805309734513274,19.0,0
Wamala,2019,5651,1.0,0.017699115044247787,19.0,0
Wamala,2019,5440,-210.0,-3.7168141592920354,19.0,0
Wamala,2019,5512,-138.0,-2.442477876106195,19.0,0
Wamala,2019,5809,159.0,2.8141592920353986,19.0,0
Wamala,2019,5401,-249.0,-4.407079646017699,19.0,0
Wamala,2019,5555,-95.0,-1.6814159292035398,19.0,1
Wamala,2019,5746,96.0,1.6991150442477878,19.0,0
Wamala,2019,6089,439.0,7.769911504424779,19.0,0
Wamala,2019,5891,241.0,4.265486725663717,19.0,0
Wamala,2019,5662,12.0,0.21238938053097348,19.0,0
Wamala,2019,5807,157.0,2.7787610619469025,19.0,0
Wamala,2019,5718,68.0,1.2035398230088497,19.0,0
Wamala,2019,5324,-326.0,-5.769911504424779,19.0,0
Wamala,2019,6145,495.0,8.761061946902656,19.0,0
Wamala,2019,6094,444.0,7.858407079646018,19.0,1
Wamala,2019,5629,-21.0,-0.37168141592920356,19.0,1
Wamala,2019,5522,-128.0,-2.265486725663717,19.0,0
Wamala,2019,5330,-320.0,-5.663716814159292,19.0,0
Wamala,2019,5825,175.0,3.0973451327433628,19.0,0
Elgon,2024,7567,230.0,3.1347962382445136,11.0,1
Elgon,2024,7041,-296.0,-4.034346463132071,11.0,1
Elgon,2024,7429,92.0,1.2539184952978055,11.0,1
Elgon,2024,7637,300.0,4.0888646585798005,11.0,1
Elgon,2024,7147,-190.0,-2.5896142837672076,11.0,1
Elgon,2024,7264,-73.0,-0.994957066921085,11.0,1
Elgon,2024,7261,-76.0,-1.0358457135068828,11.0,0
Elgon,2024,7063,-274.0,-3.7344963881695517,11.0,1
Elgon,2024,7272,-65.0,-0.8859206760256236,11.0,1
Elgon,2024,6768,-569.0,-7.75521330243969,11.0,1
Elgon,2024,7243,-94.0,-1.2811775930216711,11.0,1
Elgon,2024,7248,-89.0,-1.2130298487120077,11.0,1
Elgon,2024,7314,-23.0,-0.3134796238244514,11.0,1
Elgon,2024,7512,175.0,2.3851710508382173,11.0,1
Elgon,2024,6895,-442.0,-6.024260596974241,11.0,1
Elgon,2024,6954,-383.0,-5.220117214120212,11.0,1
Elgon,2024,7054,-283.0,-3.8571623279269454,11.0,1
Elgon,2024,6861,-476.0,-6.487665258279951,11.0,0
Elgon,2024,7555,218.0,2.971241651901322,11.0,1
Elgon,2024,7132,-205.0,-2.7940575166961974,11.0,1
Elgon,2023,8623,-14.0,-0.16209331943962024,10.0,1
Elgon,2023,8270,-367.0,-4.249160588167188,10.0,1
Elgon,2023,8481,-156.0,-1.806182702327197,10.0,1
Elgon,2023,8767,130.0,1.5051522519393308,10.0,1
Elgon,2023,8788,151.0,1.7482922310987612,10.0,1
Elgon,2023,8203,-434.0,-5.024892902628228,10.0,1
Elgon,2023,8602,-35.0,-0.4052332985990506,10.0,1
Elgon,2023,8277,-360.0,-4.168113928447378,10.0,1
Elgon,2023,8586,-51.0,-0.5904828065300451,10.0,1
Elgon,2023,8362,-275.0,-3.183975917563969,10.0,1
Elgon,2023,9428,791.0,9.158272548338543,10.0,1
Elgon,2023,8988,351.0,4.063911080236194,10.0,1
Elgon,2023,8807,170.0,1.9682760217668172,10.0,1
Elgon,2023,7804,-833.0,-9.644552506657405,10.0,1
Elgon,2023,8516,-121.0,-1.4009494037281462,10.0,1
Elgon,2023,9001,364.0,4.214426305430126,10.0,1
Elgon,2023,8614,-23.0,-0.26629616765080466,10.0,1
Elgon,2023,9372,735.0,8.509899270580062,10.0,1
Elgon,2023,9047,410.0,4.747018640731736,10.0,1
Elgon,2023,8478,-159.0,-1.8409169850642584,10.0,1
Elgon,2022,8804,638.0,7.812882684300759,10.0,1
Elgon,2022,8054,-112.0,-1.3715405339211364,10.0,1
Elgon,2022,8943,777.0,9.515062454077885,10.0,1
Elgon,2022,8829,663.0,8.119030124908155,10.0,1
Elgon,2022,8286,120.0,1.4695077149155034,10.0,1
Elgon,2022,7546,-620.0,-7.592456527063433,10.0,1
Elgon,2022,8254,88.0,1.0776389909380357,10.0,1
Elgon,2022,7717,-449.0,-5.498408033308841,10.0,1
Elgon,2022,7917,-249.0,-3.0492285084496693,10.0,1
Elgon,2022,7945,-221.0,-2.7063433749693853,10.0,1
Elgon,2022,7714,-452.0,-5.535145726181729,10.0,1
Elgon,2022,8256,90.0,1.1021307861866276,10.0,1
Elgon,2022,7872,-294.0,-3.6002939015429827,10.0,1
Elgon,2022,8071,-95.0,-1.1633602743081066,10.0,1
Elgon,2022,7949,-217.0,-2.657359784472202,10.0,1
Elgon,2022,8363,197.0,2.4124418319862846,10.0,1
Elgon,2022,8332,166.0,2.032819005633113,10.0,1
Elgon,2022,8040,-126.0,-1.5429831006612784,10.0,1
Elgon,2022,8384,218.0,2.6696056820964977,10.0,1
Elgon,2022,8667,501.0,6.135194709772226,10.0,1
Elgon,2021,6834,-797.0,-10.444240597562574,10.0,0
Elgon,2021,7407,-224.0,-2.9353950989385402,10.0,1
Elgon,2021,7273,-358.0,-4.691390381339274,10.0,1
Elgon,2021,7376,-255.0,-3.3416328135237845,10.0,1
Elgon,2021,6777,-854.0,-11.191193814703185,10.0,1
Elgon,2021,6821,-810.0,-10.614598348840257,10.0,1
Elgon,2021,6582,-1049.0,-13.746560083868431,10.0,1
Elgon,2021,7440,-191.0,-2.5029484995413442,10.0,1
Elgon,2021,7430,-201.0,-2.6339929236011006,10.0,1
Elgon,2021,8160,529.0,6.932250032761106,10.0,1
Elgon,2021,7684,53.0,0.6945354475167081,10.0,1
Elgon,2021,6818,-813.0,-10.653911676058184,10.0,1
Elgon,2021,7824,193.0,2.5291573843532955,10.0,0
Elgon,2021,9129,1498.0,19.630454724151488,10.0,0
Elgon,2021,6835,-796.0,-10.431136155156597,10.0,1
Elgon,2021,8289,658.0,8.622723103131962,10.0,1
Elgon,2021,7613,-18.0,-0.23587996330756128,10.0,1
Elgon,2021,7469,-162.0,-2.1229196697680512,10.0,0
Elgon,2021,7413,-218.0,-2.8567684445026864,10.0,1
Elgon,2021,7756,125.0,1.6380553007469532,10.0,1
Elgon,2020,7316,-156.0,-2.08779443254818,11.0,1
Elgon,2020,7049,-423.0,-5.6611349036402565,11.0,1
Elgon,2020,7271,-201.0,-2.6900428265524625,11.0,1
Elgon,2020,7605,133.0,1.7799785867237687,11.0,1
Elgon,2020,7728,256.0,3.4261241970021414,11.0,1
Elgon,2020,8162,690.0,9.234475374732334,11.0,1
Elgon,2020,7508,36.0,0.4817987152034261,11.0,1
Elgon,2020,7956,484.0,6.477516059957174,11.0,1
Elgon,2020,7399,-73.0,-0.9769807280513918,11.0,1
Elgon,2020,7448,-24.0,-0.32119914346895073,11.0,1
Elgon,2020,7428,-44.0,-0.588865096359743,11.0,1
Elgon,2020,7552,80.0,1.070663811563169,11.0,1
Elgon,2020,7796,324.0,4.336188436830835,11.0,1
Elgon,2020,7301,-171.0,-2.288543897216274,11.0,1
Elgon,2020,7139,-333.0,-4.456638115631692,11.0,1
Elgon,2020,7828,356.0,4.764453961456103,11.0,1
Elgon,2020,7799,327.0,4.376338329764454,11.0,1
Elgon,2020,8022,550.0,7.360813704496788,11.0,1
Elgon,2020,7246,-226.0,-3.024625267665953,11.0,1
Elgon,2020,7386,-86.0,-1.1509635974304069,11.0,1
Elgon,2019,9384,445.0,4.978185479360107,10.0,1
Elgon,2019,8730,-209.0,-2.338069135250028,10.0,1
Elgon,2019,9225,286.0,3.199463027184249,10.0,0
Elgon,2019,8853,-86.0,-0.9620762948875714,10.0,0
Elgon,2019,9083,144.0,1.6109184472536078,10.0,1
Elgon,2019,8426,-513.0,-5.738896968340978,10.0,1
Elgon,2019,8977,38.0,0.4251034791363687,10.0,1
Elgon,2019,7602,-1337.0,-14.956930305403288,10.0,1
Elgon,2019,9478,539.0,6.029757243539546,10.0,1
Elgon,2019,9286,347.0,3.8818659805347355,10.0,1
Elgon,2019,8514,-425.0,-4.7544468061304395,10.0,1
Elgon,2019,9719,780.0,8.725808255957041,10.0,1
Elgon,2019,9446,507.0,5.671775366372078,10.0,1
Elgon,2019,8444,-495.0,-5.537532162434277,10.0,1
Elgon,2019,8702,-237.0,-2.6513032777715626,10.0,1
Elgon,2019,8466,-473.0,-5.291419621881642,10.0,1
Elgon,2019,9096,157.0,1.7563485848528917,10.0,1
Elgon,2019,8684,-255.0,-2.852668083678264,10.0,1
Elgon,2019,8084,-855.0,-9.564828280568296,10.0,1
Elgon,2019,8908,-31.0,-0.346794943505985,10.0,1
Kigezi,2024,6936,302.0,4.552306300874284,13.0,1
Kigezi,2024,6669,35.0,0.5275851673198674,13.0,1
Kigezi,2024,6814,180.0,2.7132951462164607,13.0,1
Kigezi,2024,6700,66.0,0.9948748869460357,13.0,1
Kigezi,2024,6876,242.0,3.6478745854687973,13.0,1
Kigezi,2024,6729,95.0,1.4320168827253543,13.0,1
Kigezi,2024,6593,-41.0,-0.618028338860416,13.0,1
Kigezi,2024,6664,30.0,0.4522158577027435,13.0,1
Kigezi,2024,7136,502.0,7.567078685559241,13.0,0
Kigezi,2024,6833,199.0,2.9996985227615314,13.0,1
Kigezi,2024,6318,-316.0,-4.763340367802231,13.0,1
Kigezi,2024,6659,25.0,0.37684654808561957,13.0,1
Kigezi,2024,6744,110.0,1.658124811576726,13.0,1
Kigezi,2024,6582,-52.0,-0.7838408200180885,13.0,1
Kigezi,2024,6001,-633.0,-9.541754597527886,13.0,0
Kigezi,2024,6348,-286.0,-4.3111245100994875,13.0,0
Kigezi,2024,6496,-138.0,-2.08019294543262,13.0,1
Kigezi,2024,7260,626.0,9.436237564063914,13.0,1
Kigezi,2024,6795,161.0,2.42689176967139,13.0,1
Kigezi,2024,6120,-514.0,-7.747965028640337,13.0,1
Kigezi,2023,6697,-32.0,-0.4755535740823302,15.0,1
Kigezi,2023,7175,446.0,6.628027938772477,15.0,1
Kigezi,2023,6532,-197.0,-2.9276266904443453,15.0,1
Kigezi,2023,7078,349.0,5.1865061673354145,15.0,0
Kigezi,2023,6217,-512.0,-7.608857185317283,15.0,1
Kigezi,2023,5776,-953.0,-14.162579878139397,15.0,1
Kigezi,2023,7132,403.0,5.989002823599346,15.0,1
Kigezi,2023,6573,-156.0,-2.31832367365136,15.0,1
Kigezi,2023,6099,-630.0,-9.362460989745875,15.0,1
Kigezi,2023,6598,-131.0,-1.9467974438995395,15.0,1
Kigezi,2023,6793,64.0,0.9511071481646604,15.0,1
Kigezi,2023,6880,151.0,2.244018427700996,15.0,0
Kigezi,2023,5891,-838.0,-12.453559221281022,15.0,1
Kigezi,2023,6507,-222.0,-3.2991529201961662,15.0,1
Kigezi,2023,6748,19.0,0.28235993461138353,15.0,1
Kigezi,2023,6879,150.0,2.229157378510923,15.0,0
Kigezi,2023,6405,-324.0,-4.814979937583593,15.0,1
Kigezi,2023,6659,-70.0,-1.0402734433050973,15.0,1
Kigezi,2023,6531,-198.0,-2.942487739634418,15.0,1
Kigezi,2023,6804,75.0,1.1145786892554614,15.0,1
Kigezi,2022,6393,350.0,5.7918252523581,19.0,0
Kigezi,2022,5941,-102.0,-1.6879033592586463,19.0,0
Kigezi,2022,5628,-415.0,-6.867449942081747,19.0,0
Kigezi,2022,5828,-215.0,-3.5578355121628333,19.0,0
Kigezi,2022,6567,524.0,8.671189806387556,19.0,0
Kigezi,2022,5784,-259.0,-4.285950686744995,19.0,1
Kigezi,2022,5679,-364.0,-6.023498262452424,19.0,0
Kigezi,2022,5923,-120.0,-1.9857686579513485,19.0,0
Kigezi,2022,6014,-29.0,-0.4798940923382426,19.0,0
Kigezi,2022,5883,-160.0,-2.6476915439351316,19.0,0
Kigezi,2022,5585,-458.0,-7.5790170445143135,19.0,0
Kigezi,2022,6140,97.0,1.6051629985106735,19.0,0
Kigezi,2022,6111,68.0,1.125268906172431,19.0,0
Kigezi,2022,6252,209.0,3.4585470792652657,19.0,0
Kigezi,2022,6104,61.0,1.0094324011252689,19.0,0
Kigezi,2022,6536,493.0,8.158199569750124,19.0,0
Kigezi,2022,6277,234.0,3.87224888300513,19.0,0
Kigezi,2022,6210,167.0,2.7635280489822938,19.0,0
Kigezi,2022,6405,362.0,5.990402118153235,19.0,0
Kigezi,2022,6085,42.0,0.6950190302829721,19.0,0
Kigezi,2021,6115,-58.0,-0.9395755710351531,13.0,1
Kigezi,2021,6268,95.0,1.538959987040337,13.0,1
Kigezi,2021,5570,-603.0,-9.768346023003401,13.0,1
Kigezi,2021,6217,44.0,0.7127814676818403,13.0,1
Kigezi,2021,6143,-30.0,-0.48598736432852746,13.0,1
Kigezi,2021,6302,129.0,2.089745666612668,13.0,1
Kigezi,2021,6494,321.0,5.2000647983152435,13.0,1
Kigezi,2021,6353,180.0,2.9159241859711647,13.0,1
Kigezi,2021,5954,-219.0,-3.54770775959825,13.0,1
Kigezi,2021,6437,264.0,4.276688806091042,13.0,0
Kigezi,2021,6682,509.0,8.245585614774017,13.0,1
Kigezi,2021,6503,330.0,5.345861007613802,13.0,1
Kigezi,2021,5773,-400.0,-6.479831524380367,13.0,1
Kigezi,2021,6349,176.0,2.851125870727361,13.0,1
Kigezi,2021,5814,-359.0,-5.815648793131379,13.0,1
Kigezi,2021,6085,-88.0,-1.4255629353636805,13.0,1
Kigezi,2021,6293,120.0,1.9439494573141098,13.0,0
Kigezi,2021,6250,77.0,1.2473675684432206,13.0,1
Kigezi,2021,6496,323.0,5.2324639559371455,13.0,1
Kigezi,2021,6683,510.0,8.261785193584966,13.0,1
Kigezi,2020,7517,180.0,2.4533187951478808,12.0,1
Kigezi,2020,7205,-132.0,-1.7991004497751124,12.0,1
Kigezi,2020,6636,-701.0,-9.554313752214801,12.0,0
Kigezi,2020,7820,483.0,6.583072100313479,12.0,1
Kigezi,2020,7304,-33.0,-0.4497751124437781,12.0,1
Kigezi,2020,7323,-14.0,-0.1908136840670574,12.0,1
Kigezi,2020,7352,15.0,0.20444323292899005,12.0,1
Kigezi,2020,7499,162.0,2.2079869156330925,12.0,1
Kigezi,2020,7510,173.0,2.357911953114352,12.0,1
Kigezi,2020,7238,-99.0,-1.3493253373313343,12.0,1
Kigezi,2020,7300,-37.0,-0.5042933078915088,12.0,1
Kigezi,2020,7115,-222.0,-3.025759847349053,12.0,1
Kigezi,2020,7077,-260.0,-3.5436827041024945,12.0,1
Kigezi,2020,7075,-262.0,-3.57094180182636,12.0,1
Kigezi,2020,7296,-41.0,-0.5588115033392395,12.0,1
Kigezi,2020,7008,-329.0,-4.484121575575848,12.0,1
Kigezi,2020,6270,-1067.0,-14.54272863568216,12.0,1
Kigezi,2020,7199,-138.0,-1.8808777429467085,12.0,1
Kigezi,2020,6883,-454.0,-6.187815183317432,12.0,1
Kigezi,2020,7377,40.0,0.5451819544773068,12.0,1
Kigezi,2019,7768,-243.0,-3.0333291723879667,12.0,1
Kigezi,2019,8193,182.0,2.2718761702658843,12.0,1
Kigezi,2019,7548,-463.0,-5.779553114467607,12.0,1
Kigezi,2019,7309,-702.0,-8.762950942454125,12.0,0
Kigezi,2019,7972,-39.0,-0.4868306079141181,12.0,1
Kigezi,2019,7844,-167.0,-2.0846336287604545,12.0,1
Kigezi,2019,7483,-528.0,-6.590937460991138,12.0,1
Kigezi,2019,8321,310.0,3.869679191112221,12.0,1
Kigezi,2019,7609,-402.0,-5.018100112345525,12.0,1
Kigezi,2019,7709,-302.0,-3.769816502309325,12.0,1
Kigezi,2019,8401,390.0,4.868306079141181,12.0,1
Kigezi,2019,8217,206.0,2.571464236674572,12.0,1
Kigezi,2019,7568,-443.0,-5.529896392460367,12.0,1
Kigezi,2019,7878,-133.0,-1.6602172013481464,12.0,1
Kigezi,2019,7531,-480.0,-5.991761328173761,12.0,0
Kigezi,2019,8368,357.0,4.456372487829235,12.0,1
Kigezi,2019,8368,357.0,4.456372487829235,12.0,1
Kigezi,2019,8743,732.0,9.137436025464986,12.0,1
Kigezi,2019,8924,913.0,11.396829359630509,12.0,1
Kigezi,2019,7763,-248.0,-3.0957433528897766,12.0,1
Busoga North,2024,6085,209.0,3.5568413886997954,17.0,0
Busoga North,2024,5322,-554.0,-9.428182437031994,17.0,0
Busoga North,2024,5930,54.0,0.9189925119128658,17.0,0
Busoga North,2024,6000,124.0,2.110279101429544,17.0,0
Busoga North,2024,5596,-280.0,-4.765146358066712,17.0,0
Busoga North,2024,5677,-199.0,-3.386657590197413,17.0,0
Busoga North,2024,6140,264.0,4.4928522804629,17.0,0
Busoga North,2024,6008,132.0,2.24642614023145,17.0,0
Busoga North,2024,6365,489.0,8.321987746766508,17.0,0
Busoga North,2024,6323,447.0,7.607215793056501,17.0,0
Busoga North,2024,5389,-487.0,-8.287950987066031,17.0,0
Busoga North,2024,5721,-155.0,-2.6378488767869297,17.0,0
Busoga North,2024,5567,-309.0,-5.258679373723622,17.0,0
Busoga North,2024,6098,222.0,3.7780803267528933,17.0,0
Busoga North,2024,5959,83.0,1.4125255275697755,17.0,0
Busoga North,2024,5585,-291.0,-4.952348536419333,17.0,1
Busoga North,2024,5627,-249.0,-4.237576582709326,17.0,0
Busoga North,2024,6243,367.0,6.24574540503744,17.0,0
Busoga North,2024,5753,-123.0,-2.0932607215793055,17.0,1
Busoga North,2024,5280,-596.0,-10.142954390742002,17.0,1
Busoga North,2023,5875,-333.0,-5.364046391752577,17.0,0
Busoga North,2023,6801,593.0,9.552190721649485,17.0,0
Busoga North,2023,6520,312.0,5.025773195876289,17.0,0
Busoga North,2023,5818,-390.0,-6.282216494845361,17.0,1
Busoga North,2023,6265,57.0,0.9181701030927836,17.0,0
Busoga North,2023,6499,291.0,4.6875,17.0,0
Busoga North,2023,5690,-518.0,-8.344072164948454,17.0,0
Busoga North,2023,6536,328.0,5.283505154639175,17.0,0
Busoga North,2023,6344,136.0,2.190721649484536,17.0,0
Busoga North,2023,5980,-228.0,-3.6726804123711343,17.0,0
Busoga North,2023,6395,187.0,3.0122422680412373,17.0,0
Busoga North,2023,6300,92.0,1.4819587628865978,17.0,0
Busoga North,2023,6322,114.0,1.8363402061855671,17.0,0
Busoga North,2023,6253,45.0,0.7248711340206185,17.0,1
Busoga North,2023,5934,-274.0,-4.413659793814433,17.0,0
Busoga North,2023,5986,-222.0,-3.5760309278350513,17.0,0
Busoga North,2023,6134,-74.0,-1.1920103092783505,17.0,0
Busoga North,2023,6222,14.0,0.22551546391752575,17.0,0
Busoga North,2023,6414,206.0,3.318298969072165,17.0,0
Busoga North,2023,6810,602.0,9.697164948453608,17.0,0
Busoga North,2022,7524,86.0,1.156224791610648,12.0,1
Busoga North,2022,7678,240.0,3.2266738370529713,12.0,1
Busoga North,2022,7765,327.0,4.396343102984673,12.0,1
Busoga North,2022,7706,268.0,3.6031191180424846,12.0,0
Busoga North,2022,7097,-341.0,-4.5845657434794305,12.0,1
Busoga North,2022,7942,504.0,6.7760150578112395,12.0,0
Busoga North,2022,7873,435.0,5.8483463296585105,12.0,1
Busoga North,2022,7487,49.0,0.6587792417316483,12.0,1
Busoga North,2022,7117,-321.0,-4.31567625705835,12.0,1
Busoga North,2022,7449,11.0,0.14788921753159454,12.0,1
Busoga North,2022,6857,-581.0,-7.811239580532401,12.0,1
Busoga North,2022,7997,559.0,7.515461145469213,12.0,0
Busoga North,2022,7204,-234.0,-3.1460069911266473,12.0,1
Busoga North,2022,7330,-108.0,-1.452003226673837,12.0,1
Busoga North,2022,7965,527.0,7.085237967195483,12.0,1
Busoga North,2022,6512,-926.0,-12.449583221296047,12.0,1
Busoga North,2022,7912,474.0,6.372680828179618,12.0,1
Busoga North,2022,7563,125.0,1.680559290131756,12.0,1
Busoga North,2022,8061,623.0,8.375907502016672,12.0,1
Busoga North,2022,7086,-352.0,-4.732454961011025,12.0,1
Busoga North,2021,6704,111.0,1.6836038222357046,12.0,1
Busoga North,2021,6283,-310.0,-4.701956620658274,12.0,1
Busoga North,2021,6955,362.0,5.490671924768694,12.0,1
Busoga North,2021,6942,349.0,5.293493098741089,12.0,1
Busoga North,2021,7173,580.0,8.797209161231608,12.0,1
Busoga North,2021,6592,-1.0,-0.015167602002123465,12.0,1
Busoga North,2021,7280,687.0,10.42014257545882,12.0,1
Busoga North,2021,6258,-335.0,-5.081146670711361,12.0,1
Busoga North,2021,6575,-18.0,-0.27301683603822235,12.0,1
Busoga North,2021,6269,-324.0,-4.914303048688002,12.0,1
Busoga North,2021,6657,64.0,0.9707265281359018,12.0,1
Busoga North,2021,6294,-299.0,-4.535112998634916,12.0,1
Busoga North,2021,6956,363.0,5.505839526770818,12.0,0
Busoga North,2021,6749,156.0,2.3661459123312607,12.0,1
Busoga North,2021,6232,-361.0,-5.475504322766571,12.0,1
Busoga North,2021,6868,275.0,4.171090550583953,12.0,1
Busoga North,2021,7117,524.0,7.947823449112695,12.0,1
Busoga North,2021,6782,189.0,2.8666767784013345,12.0,1
Busoga North,2021,6142,-451.0,-6.840588502957683,12.0,1
Busoga North,2021,6543,-50.0,-0.7583801001061733,12.0,1
Busoga North,2020,5695,194.0,3.526631521541538,18.0,1
Busoga North,2020,5434,-67.0,-1.2179603708416653,18.0,0
Busoga North,2020,5218,-283.0,-5.144519178331213,18.0,0
Busoga North,2020,5839,338.0,6.144337393201236,18.0,0
Busoga North,2020,5422,-79.0,-1.4361025268133067,18.0,0
Busoga North,2020,5938,437.0,7.944010179967279,18.0,0
Busoga North,2020,5358,-143.0,-2.5995273586620615,18.0,0
Busoga North,2020,5407,-94.0,-1.7087802217778587,18.0,0
Busoga North,2020,5337,-164.0,-2.981276131612434,18.0,0
Busoga North,2020,5455,-46.0,-0.8362115978912924,18.0,0
Busoga North,2020,5627,126.0,2.290492637702236,18.0,0
Busoga North,2020,5231,-270.0,-4.9081985093619345,18.0,0
Busoga North,2020,5183,-318.0,-5.7807671332485,18.0,0
Busoga North,2020,5036,-465.0,-8.453008543901108,18.0,0
Busoga North,2020,5007,-494.0,-8.980185420832576,18.0,0
Busoga North,2020,5128,-373.0,-6.7805853481185245,18.0,0
Busoga North,2020,5356,-145.0,-2.6358843846573348,18.0,0
Busoga North,2020,5549,48.0,0.8725686238865662,18.0,0
Busoga North,2020,5611,110.0,1.999636429740047,18.0,0
Busoga North,2020,5537,36.0,0.6544264679149245,18.0,0
Busoga North,2019,7588,513.0,7.250883392226148,14.0,1
Busoga North,2019,7714,639.0,9.031802120141343,14.0,1
Busoga North,2019,6976,-99.0,-1.3992932862190812,14.0,1
Busoga North,2019,6733,-342.0,-4.8339222614840995,14.0,1
Busoga North,2019,7840,765.0,10.812720848056538,14.0,1
Busoga North,2019,7496,421.0,5.950530035335689,14.0,1
Busoga North,2019,7466,391.0,5.5265017667844525,14.0,1
Busoga North,2019,6875,-200.0,-2.8268551236749118,14.0,0
Busoga North,2019,7379,304.0,4.296819787985866,14.0,1
Busoga North,2019,7124,49.0,0.6925795053003533,14.0,1
Busoga North,2019,7048,-27.0,-0.38162544169611307,14.0,1
Busoga North,2019,7048,-27.0,-0.38162544169611307,14.0,1
Busoga North,2019,7253,178.0,2.515901060070671,14.0,1
Busoga North,2019,7601,526.0,7.434628975265017,14.0,0
Busoga North,2019,7878,803.0,11.349823321554771,14.0,1
Busoga North,2019,6931,-144.0,-2.0353356890459366,14.0,1
Busoga North,2019,7144,69.0,0.9752650176678446,14.0,1
Busoga North,2019,7040,-35.0,-0.49469964664310956,14.0,1
Busoga North,2019,7229,154.0,2.176678445229682,14.0,1
Busoga North,2019,6179,-896.0,-12.664310954063604,14.0,1
Sipi,2024,6012,-68.0,-1.118421052631579,16.0,0
Sipi,2024,6702,622.0,10.230263157894736,16.0,0
Sipi,2024,5874,-206.0,-3.388157894736842,16.0,0
Sipi,2024,5957,-123.0,-2.023026315789474,16.0,0
Sipi,2024,5912,-168.0,-2.763157894736842,16.0,0
Sipi,2024,6035,-45.0,-0.7401315789473684,16.0,0
Sipi,2024,5687,-393.0,-6.463815789473684,16.0,0
Sipi,2024,5918,-162.0,-2.664473684210526,16.0,1
Sipi,2024,6209,129.0,2.1217105263157894,16.0,0
Sipi,2024,6207,127.0,2.088815789473684,16.0,0
Sipi,2024,6156,76.0,1.25,16.0,0
Sipi,2024,6500,420.0,6.907894736842106,16.0,0
Sipi,2024,6221,141.0,2.319078947368421,16.0,0
Sipi,2024,6489,409.0,6.726973684210526,16.0,0
Sipi,2024,6770,690.0,11.348684210526317,16.0,0
Sipi,2024,6350,270.0,4.440789473684211,16.0,0
Sipi,2024,5688,-392.0,-6.447368421052632,16.0,1
Sipi,2024,6168,88.0,1.4473684210526316,16.0,0
Sipi,2024,6122,42.0,0.6907894736842105,16.0,0
Sipi,2024,6562,482.0,7.927631578947368,16.0,0
Sipi,2023,7390,-42.0,-0.5651237890204521,12.0,1
Sipi,2023,7132,-300.0,-4.036598493003229,12.0,1
Sipi,2023,7254,-178.0,-2.3950484391819162,12.0,0
Sipi,2023,6965,-467.0,-6.283638320775027,12.0,1
Sipi,2023,6343,-1089.0,-14.652852529601724,12.0,1
Sipi,2023,8194,762.0,10.252960172228203,12.0,1
Sipi,2023,7438,6.0,0.08073196986006459,12.0,0
Sipi,2023,6996,-436.0,-5.866523143164693,12.0,0
Sipi,2023,8062,630.0,8.476856835306782,12.0,1
Sipi,2023,8137,705.0,9.486006458557588,12.0,1
Sipi,2023,7497,65.0,0.8745963401506996,12.0,1
Sipi,2023,6935,-497.0,-6.6872981700753495,12.0,0
Sipi,2023,7263,-169.0,-2.2739504843918192,12.0,1
Sipi,2023,7350,-82.0,-1.1033369214208828,12.0,1
Sipi,2023,7451,19.0,0.2556512378902045,12.0,1
Sipi,2023,7037,-395.0,-5.314854682454252,12.0,1
Sipi,2023,7795,363.0,4.884284176533908,12.0,0
Sipi,2023,6649,-783.0,-10.535522066738428,12.0,0
Sipi,2023,7860,428.0,5.7588805166846075,12.0,1
Sipi,2023,7947,515.0,6.9294940796555435,12.0,1
Sipi,2022,6429,-119.0,-1.8173488087965792,15.0,1
Sipi,2022,6526,-22.0,-0.3359804520464264,15.0,1
Sipi,2022,7048,500.0,7.6359193646915084,15.0,1
Sipi,2022,6765,217.0,3.313989004276115,15.0,1
Sipi,2022,6440,-108.0,-1.6493585827733657,15.0,1
Sipi,2022,6478,-70.0,-1.069028711056811,15.0,1
Sipi,2022,6715,167.0,2.550397067806964,15.0,1
Sipi,2022,7181,633.0,9.66707391569945,15.0,1
Sipi,2022,6488,-60.0,-0.916310323762981,15.0,1
Sipi,2022,6431,-117.0,-1.7868051313378133,15.0,1
Sipi,2022,6562,14.0,0.21380574221136223,15.0,1
Sipi,2022,6564,16.0,0.2443494196701283,15.0,1
Sipi,2022,6653,105.0,1.6035430665852168,15.0,1
Sipi,2022,6528,-20.0,-0.3054367745876604,15.0,1
Sipi,2022,6947,399.0,6.093463653023824,15.0,1
Sipi,2022,6260,-288.0,-4.398289554062309,15.0,1
Sipi,2022,6690,142.0,2.1686010995723883,15.0,1
Sipi,2022,6703,155.0,2.3671350030543676,15.0,0
Sipi,2022,6287,-261.0,-3.9859499083689673,15.0,1
Sipi,2022,6686,138.0,2.1075137446548564,15.0,1
Sipi,2021,4061,99.0,2.498738011105502,25.0,0
Sipi,2021,3468,-494.0,-12.468450277637556,25.0,0
Sipi,2021,3770,-192.0,-4.846037354871277,25.0,0
Sipi,2021,4284,322.0,8.12720848056537,25.0,0
Sipi,2021,3846,-116.0,-2.92781423523473,25.0,0
Sipi,2021,3729,-233.0,-5.880868248359414,25.0,0
Sipi,2021,3599,-363.0,-9.162039374053508,25.0,0
Sipi,2021,3753,-209.0,-5.275113579000505,25.0,0
Sipi,2021,3941,-21.0,-0.5300353356890459,25.0,0
Sipi,2021,3716,-246.0,-6.208985360928824,25.0,0
Sipi,2021,4096,134.0,3.382130237253912,25.0,1
Sipi,2021,3801,-161.0,-4.063604240282685,25.0,0
Sipi,2021,4027,65.0,1.6405855628470472,25.0,0
Sipi,2021,4249,287.0,7.243816254416961,25.0,0
Sipi,2021,4234,272.0,6.865219586067643,25.0,0
Sipi,2021,4024,62.0,1.5648662291771833,25.0,0
Sipi,2021,3741,-221.0,-5.57799091367996,25.0,0
Sipi,2021,3954,-8.0,-0.20191822311963653,25.0,0
Sipi,2021,4030,68.0,1.7163048965169108,25.0,0
Sipi,2021,4459,497.0,12.54416961130742,25.0,1
Sipi,2020,6352,-644.0,-9.205260148656375,14.0,1
Sipi,2020,6984,-12.0,-0.17152658662092624,14.0,0
Sipi,2020,7220,224.0,3.201829616923957,14.0,1
Sipi,2020,7039,43.0,0.6146369353916523,14.0,1
Sipi,2020,7077,81.0,1.1578044596912522,14.0,1
Sipi,2020,6731,-265.0,-3.787878787878788,14.0,1
Sipi,2020,7331,335.0,4.788450543167524,14.0,1
Sipi,2020,7014,18.0,0.2572898799313894,14.0,0
Sipi,2020,7076,80.0,1.1435105774728416,14.0,1
Sipi,2020,7371,375.0,5.3602058319039445,14.0,1
Sipi,2020,6891,-105.0,-1.5008576329331047,14.0,1
Sipi,2020,7454,458.0,6.5465980560320185,14.0,1
Sipi,2020,6551,-445.0,-6.360777587192682,14.0,1
Sipi,2020,7096,100.0,1.429388221841052,14.0,1
Sipi,2020,6710,-286.0,-4.088050314465408,14.0,1
Sipi,2020,6623,-373.0,-5.331618067467124,14.0,1
Sipi,2020,7667,671.0,9.59119496855346,14.0,0
Sipi,2020,6568,-428.0,-6.117781589479702,14.0,0
Sipi,2020,7020,24.0,0.34305317324185247,14.0,1
Sipi,2020,6543,-453.0,-6.475128644939966,14.0,1
Sipi,2019,5718,333.0,6.183844011142061,22.0,1
Sipi,2019,5278,-107.0,-1.9870009285051067,22.0,0
Sipi,2019,5672,287.0,5.329619312906221,22.0,0
Sipi,2019,5547,162.0,3.0083565459610027,22.0,1
Sipi,2019,6005,620.0,11.513463324048283,22.0,0
Sipi,2019,4986,-399.0,-7.4094707520891365,22.0,0
Sipi,2019,5122,-263.0,-4.88393686165274,22.0,0
Sipi,2019,5656,271.0,5.032497678737233,22.0,1
Sipi,2019,5475,90.0,1.6713091922005572,22.0,0
Sipi,2019,5323,-62.0,-1.1513463324048283,22.0,0
Sipi,2019,5936,551.0,10.23212627669452,22.0,0
Sipi,2019,5385,0.0,0.0,22.0,0
Sipi,2019,5175,-210.0,-3.8997214484679668,22.0,0
Sipi,2019,5676,291.0,5.403899721448468,22.0,0
Sipi,2019,5394,9.0,0.1671309192200557,22.0,0
Sipi,2019,5414,29.0,0.5385329619312906,22.0,0
Sipi,2019,5571,186.0,3.454038997214485,22.0,0
Sipi,2019,5582,197.0,3.6583101207056634,22.0,0
Sipi,2019,5119,-266.0,-4.939647168059425,22.0,0
Sipi,2019,5308,-77.0,-1.4298978644382545,22.0,0
Savannah,2024,5744,-424.0,-6.8741893644617384,14.0,1
Savannah,2024,6276,108.0,1.7509727626459144,14.0,1
Savannah,2024,6753,585.0,9.48443579766537,14.0,1
Savannah,2024,5875,-293.0,-4.750324254215305,14.0,1
Savannah,2024,5692,-476.0,-7.717250324254215,14.0,1
Savannah,2024,5972,-196.0,-3.1776913099870296,14.0,1
Savannah,2024,6095,-73.0,-1.1835278858625162,14.0,1
Savannah,2024,6397,229.0,3.7127107652399483,14.0,1
Savannah,2024,6063,-105.0,-1.7023346303501945,14.0,1
Savannah,2024,6282,114.0,1.8482490272373542,14.0,1
Savannah,2024,6014,-154.0,-2.496757457846952,14.0,1
Savannah,2024,6111,-57.0,-0.9241245136186771,14.0,1
Savannah,2024,5917,-251.0,-4.069390402075227,14.0,1
Savannah,2024,5824,-344.0,-5.577172503242543,14.0,1
Savannah,2024,6409,241.0,3.9072632944228274,14.0,1
Savannah,2024,6035,-133.0,-2.156290531776913,14.0,1
Savannah,2024,6305,137.0,2.221141374837873,14.0,1
Savannah,2024,5913,-255.0,-4.134241245136186,14.0,1
Savannah,2024,6170,2.0,0.03242542153047989,14.0,1
Savannah,2024,5524,-644.0,-10.440985732814527,14.0,1
Savannah,2023,7076,-130.0,-1.8040521787399388,14.0,1
Savannah,2023,6943,-263.0,-3.6497363308354154,14.0,1
Savannah,2023,7635,429.0,5.953372189841798,14.0,1
Savannah,2023,6752,-454.0,-6.30030530113794,14.0,1
Savannah,2023,7154,-52.0,-0.7216208714959755,14.0,1
Savannah,2023,7328,122.0,1.6930335831251735,14.0,1
Savannah,2023,7576,370.0,5.134610047182903,14.0,1
Savannah,2023,7520,314.0,4.357479877879545,14.0,1
Savannah,2023,7182,-24.0,-0.33305578684429643,14.0,0
Savannah,2023,7232,26.0,0.36081043574798777,14.0,1
Savannah,2023,7635,429.0,5.953372189841798,14.0,1
Savannah,2023,7175,-31.0,-0.4301970580072162,14.0,1
Savannah,2023,7270,64.0,0.8881487649181239,14.0,1
Savannah,2023,7648,442.0,6.133777407715792,14.0,1
Savannah,2023,8101,895.0,12.420205384401887,14.0,1
Savannah,2023,7301,95.0,1.31834582292534,14.0,1
Savannah,2023,7398,192.0,2.6644462947543714,14.0,1
Savannah,2023,7508,302.0,4.190951984457397,14.0,1
Savannah,2023,7644,438.0,6.078268109908409,14.0,1
Savannah,2023,7586,380.0,5.27338329170136,14.0,1
Savannah,2022,6922,-204.0,-2.862756104406399,14.0,1
Savannah,2022,7244,118.0,1.655907942744878,14.0,1
Savannah,2022,7505,379.0,5.318551782206006,14.0,1
Savannah,2022,7643,517.0,7.255122088127982,14.0,1
Savannah,2022,7075,-51.0,-0.7156890261015998,14.0,1
Savannah,2022,7235,109.0,1.5296098793151838,14.0,1
Savannah,2022,7277,151.0,2.1190008419870896,14.0,1
Savannah,2022,7140,14.0,0.19646365422396855,14.0,1
Savannah,2022,7226,100.0,1.4033118158854896,14.0,1
Savannah,2022,6366,-760.0,-10.665169800729721,14.0,1
Savannah,2022,8281,1155.0,16.208251473477407,14.0,1
Savannah,2022,7948,822.0,11.535223126578725,14.0,1
Savannah,2022,7061,-65.0,-0.9121526803255684,14.0,1
Savannah,2022,7088,-38.0,-0.5332584900364862,14.0,1
Savannah,2022,6542,-584.0,-8.19534100477126,14.0,1
Savannah,2022,6489,-637.0,-8.93909626719057,14.0,1
Savannah,2022,7303,177.0,2.483861914117317,14.0,1
Savannah,2022,7507,381.0,5.346618018523716,14.0,1
Savannah,2022,7431,305.0,4.280101038450744,14.0,1
Savannah,2022,6830,-296.0,-4.1538029750210494,14.0,1
Savannah,2021,5488,209.0,3.959083159689335,18.0,0
Savannah,2021,5246,-33.0,-0.6251183936351582,18.0,1
Savannah,2021,5181,-98.0,-1.8564121992801668,18.0,0
Savannah,2021,4923,-356.0,-6.743701458609586,18.0,1
Savannah,2021,5090,-189.0,-3.5802235271831786,18.0,0
Savannah,2021,5416,137.0,2.595188482667172,18.0,1
Savannah,2021,5363,84.0,1.5912104565258574,18.0,0
Savannah,2021,5323,44.0,0.8334911915135442,18.0,0
Savannah,2021,4704,-575.0,-10.892214434551999,18.0,0
Savannah,2021,5326,47.0,0.8903201363894677,18.0,0
Savannah,2021,5124,-155.0,-2.9361621519227126,18.0,1
Savannah,2021,5365,86.0,1.629096419776473,18.0,0
Savannah,2021,5609,330.0,6.251183936351581,18.0,0
Savannah,2021,5160,-119.0,-2.254214813411631,18.0,0
Savannah,2021,5306,27.0,0.5114605038833112,18.0,0
Savannah,2021,5818,539.0,10.210267096040917,18.0,0
Savannah,2021,5352,73.0,1.382837658647471,18.0,0
Savannah,2021,5273,-6.0,-0.11365788975184693,18.0,0
Savannah,2021,5064,-215.0,-4.072741049441182,18.0,0
Savannah,2021,5496,217.0,4.110627012691798,18.0,0
Savannah,2020,4037,-208.0,-4.899882214369847,23.0,1
Savannah,2020,4521,276.0,6.501766784452297,23.0,0
Savannah,2020,4386,141.0,3.3215547703180213,23.0,0
Savannah,2020,4127,-118.0,-2.7797408716136633,23.0,0
Savannah,2020,4079,-166.0,-3.910482921083628,23.0,1
Savannah,2020,4083,-162.0,-3.816254416961131,23.0,0
Savannah,2020,3869,-376.0,-8.857479387514724,23.0,0
Savannah,2020,4345,100.0,2.3557126030624262,23.0,0
Savannah,2020,3804,-441.0,-10.3886925795053,23.0,0
Savannah,2020,4226,-19.0,-0.44758539458186103,23.0,0
Savannah,2020,4213,-32.0,-0.7538280329799765,23.0,0
Savannah,2020,4175,-70.0,-1.6489988221436984,23.0,0
Savannah,2020,4343,98.0,2.308598351001178,23.0,0
Savannah,2020,4128,-117.0,-2.756183745583039,23.0,0
Savannah,2020,4283,38.0,0.8951707891637221,23.0,1
Savannah,2020,4521,276.0,6.501766784452297,23.0,0
Savannah,2020,4369,124.0,2.921083627797409,23.0,0
Savannah,2020,4157,-88.0,-2.0730270906949353,23.0,0
Savannah,2020,4246,1.0,0.023557126030624265,23.0,0
Savannah,2020,4175,-70.0,-1.6489988221436984,23.0,0
Savannah,2019,5879,-49.0,-0.8265856950067476,16.0,0
Savannah,2019,5990,62.0,1.0458839406207827,16.0,0
Savannah,2019,5516,-412.0,-6.950067476383266,16.0,0
Savannah,2019,5453,-475.0,-8.012820512820513,16.0,0
Savannah,2019,5663,-265.0,-4.470310391363022,16.0,0
Savannah,2019,6080,152.0,2.564102564102564,16.0,0
Savannah,2019,6122,194.0,3.2726045883940618,16.0,0
Savannah,2019,6168,240.0,4.048582995951417,16.0,0
Savannah,2019,5674,-254.0,-4.284750337381917,16.0,0
Savannah,2019,5956,28.0,0.47233468286099867,16.0,0
Savannah,2019,5814,-114.0,-1.9230769230769231,16.0,0
Savannah,2019,5891,-37.0,-0.6241565452091767,16.0,0
Savannah,2019,5809,-119.0,-2.007422402159244,16.0,0
Savannah,2019,6007,79.0,1.332658569500675,16.0,0
Savannah,2019,5729,-199.0,-3.356950067476383,16.0,0
Savannah,2019,6275,347.0,5.85357624831309,16.0,0
Savannah,2019,6278,350.0,5.904183535762483,16.0,1
Savannah,2019,6070,142.0,2.395411605937922,16.0,0
Savannah,2019,6235,307.0,5.178812415654521,16.0,0
Savannah,2019,5506,-422.0,-7.1187584345479085,16.0,0
West Nile,2024,6475,377.0,6.182354870449328,15.0,1
West Nile,2024,6213,115.0,1.8858642177763203,15.0,1
West Nile,2024,5910,-188.0,-3.082978025582158,15.0,1
West Nile,2024,5881,-217.0,-3.5585437848474912,15.0,1
West Nile,2024,6588,490.0,8.035421449655624,15.0,1
West Nile,2024,6350,252.0,4.132502459822892,15.0,1
West Nile,2024,6052,-46.0,-0.7543456871105281,15.0,1
West Nile,2024,5661,-437.0,-7.166284027550017,15.0,1
West Nile,2024,6493,395.0,6.4775336175795335,15.0,0
West Nile,2024,5760,-338.0,-5.542800918333881,15.0,1
West Nile,2024,5986,-112.0,-1.8366677599212857,15.0,1
West Nile,2024,6051,-47.0,-0.7707445063955395,15.0,1
West Nile,2024,5877,-221.0,-3.6241390619875373,15.0,1
West Nile,2024,6038,-60.0,-0.9839291571006887,15.0,1
West Nile,2024,6095,-3.0,-0.04919645785503444,15.0,1
West Nile,2024,6032,-66.0,-1.0823220728107577,15.0,1
West Nile,2024,6195,97.0,1.5906854706461133,15.0,1
West Nile,2024,6602,504.0,8.265004919645785,15.0,1
West Nile,2024,5674,-424.0,-6.953099376844866,15.0,1
West Nile,2024,6146,48.0,0.787143325680551,15.0,1
West Nile,2023,7190,-418.0,-5.494216614090431,11.0,1
West Nile,2023,7046,-562.0,-7.3869610935856995,11.0,1
West Nile,2023,7969,361.0,4.745005257623554,11.0,0
West Nile,2023,7700,92.0,1.2092534174553102,11.0,1
West Nile,2023,7024,-584.0,-7.676130389064142,11.0,1
West Nile,2023,7533,-75.0,-0.9858044164037855,11.0,1
West Nile,2023,6906,-702.0,-9.227129337539433,11.0,1
West Nile,2023,7269,-339.0,-4.455835962145111,11.0,1
West Nile,2023,6772,-836.0,-10.988433228180861,11.0,1
West Nile,2023,7546,-62.0,-0.8149316508937959,11.0,1
West Nile,2023,7871,263.0,3.456887486855941,11.0,1
West Nile,2023,7829,221.0,2.9048370136698214,11.0,1
West Nile,2023,7458,-150.0,-1.971608832807571,11.0,1
West Nile,2023,7989,381.0,5.007886435331231,11.0,1
West Nile,2023,8138,530.0,6.966351209253417,11.0,1
West Nile,2023,7878,270.0,3.548895899053628,11.0,1
West Nile,2023,7396,-212.0,-2.786540483701367,11.0,1
West Nile,2023,7558,-50.0,-0.6572029442691903,11.0,1
West Nile,2023,8222,614.0,8.070452155625658,11.0,1
West Nile,2023,7485,-123.0,-1.6167192429022081,11.0,1
West Nile,2022,7753,220.0,2.9204832072215585,11.0,1
West Nile,2022,7255,-278.0,-3.6904287800345146,11.0,1
West Nile,2022,7913,380.0,5.044470994291784,11.0,1
West Nile,2022,7214,-319.0,-4.23470065047126,11.0,1
West Nile,2022,7500,-33.0,-0.43807248108323377,11.0,1
West Nile,2022,7739,206.0,2.7346342758529136,11.0,1
West Nile,2022,8231,698.0,9.265896721093855,11.0,1
West Nile,2022,7617,84.0,1.1150935882118678,11.0,1
West Nile,2022,7434,-99.0,-1.3142174432497014,11.0,0
West Nile,2022,7406,-127.0,-1.6859153059869907,11.0,0
West Nile,2022,7894,361.0,4.792247444577194,11.0,1
West Nile,2022,7707,174.0,2.309836718438869,11.0,1
West Nile,2022,7785,252.0,3.345280764635603,11.0,1
West Nile,2022,8108,575.0,7.633081109783618,11.0,1
West Nile,2022,7555,22.0,0.29204832072215586,11.0,1
West Nile,2022,7679,146.0,1.9381388557015797,11.0,1
West Nile,2022,7401,-132.0,-1.752289924332935,11.0,1
West Nile,2022,7242,-291.0,-3.8630027877339703,11.0,1
West Nile,2022,7308,-225.0,-2.986857825567503,11.0,1
West Nile,2022,6632,-901.0,-11.960706225939202,11.0,1
West Nile,2021,7147,187.0,2.6867816091954024,11.0,1
West Nile,2021,7109,149.0,2.140804597701149,11.0,1
West Nile,2021,7139,179.0,2.57183908045977,11.0,1
West Nile,2021,6669,-291.0,-4.181034482758621,11.0,1
West Nile,2021,6757,-203.0,-2.9166666666666665,11.0,0
West Nile,2021,6747,-213.0,-3.060344827586207,11.0,1
West Nile,2021,7348,388.0,5.574712643678161,11.0,1
West Nile,2021,7024,64.0,0.9195402298850575,11.0,1
West Nile,2021,6977,17.0,0.2442528735632184,11.0,1
West Nile,2021,7227,267.0,3.836206896551724,11.0,0
West Nile,2021,6748,-212.0,-3.045977011494253,11.0,1
West Nile,2021,7086,126.0,1.810344827586207,11.0,1
West Nile,2021,7661,701.0,10.07183908045977,11.0,1
West Nile,2021,7409,449.0,6.451149425287356,11.0,1
West Nile,2021,7080,120.0,1.7241379310344827,11.0,1
West Nile,2021,6990,30.0,0.43103448275862066,11.0,1
West Nile,2021,7136,176.0,2.528735632183908,11.0,1
West Nile,2021,7463,503.0,7.227011494252873,11.0,1
West Nile,2021,7434,474.0,6.810344827586206,11.0,1
West Nile,2021,7530,570.0,8.189655172413794,11.0,1
West Nile,2020,8578,102.0,1.2033978291647005,9.0,1
West Nile,2020,7593,-883.0,-10.417649834827749,9.0,1
West Nile,2020,9291,815.0,9.615384615384617,9.0,1
West Nile,2020,8147,-329.0,-3.8815478999528077,9.0,1
West Nile,2020,7638,-838.0,-9.886739027843323,9.0,1
West Nile,2020,8794,318.0,3.751769702689948,9.0,1
West Nile,2020,7600,-876.0,-10.335063709296838,9.0,1
West Nile,2020,8488,12.0,0.14157621519584712,9.0,0
West Nile,2020,7595,-881.0,-10.394053798961775,9.0,1
West Nile,2020,8340,-136.0,-1.6045304388862671,9.0,0
West Nile,2020,9172,696.0,8.21142048135913,9.0,1
West Nile,2020,8628,152.0,1.7932987258140631,9.0,0
West Nile,2020,8483,7.0,0.08258612553091081,9.0,1
West Nile,2020,8676,200.0,2.3596035865974514,9.0,1
West Nile,2020,7329,-1147.0,-13.532326569136385,9.0,0
West Nile,2020,8209,-267.0,-3.1500707881075978,9.0,1
West Nile,2020,8269,-207.0,-2.4421897121283624,9.0,1
West Nile,2020,8744,268.0,3.1618688060405855,9.0,1
West Nile,2020,8058,-418.0,-4.931571495988674,9.0,0
West Nile,2020,8560,84.0,0.9910335063709298,9.0,0
West Nile,2019,5735,-23.0,-0.399444251476207,18.0,0
West Nile,2019,5591,-167.0,-2.9003126085446334,18.0,0
West Nile,2019,5608,-150.0,-2.6050712052796112,18.0,0
West Nile,2019,5732,-26.0,-0.45154567558179926,18.0,0
West Nile,2019,5224,-534.0,-9.274053490795415,18.0,0
West Nile,2019,5983,225.0,3.907606807919416,18.0,0
West Nile,2019,5533,-225.0,-3.907606807919416,18.0,0
West Nile,2019,5683,-75.0,-1.3025356026398056,18.0,0
West Nile,2019,6218,460.0,7.988885029524139,18.0,0
West Nile,2019,5988,230.0,3.9944425147620697,18.0,0
West Nile,2019,5426,-332.0,-5.765890934352206,18.0,0
West Nile,2019,4940,-818.0,-14.206321639458144,18.0,0
West Nile,2019,5906,148.0,2.5703369225425496,18.0,1
West Nile,2019,5694,-64.0,-1.1114970475859673,18.0,0
West Nile,2019,5816,58.0,1.0072941993747828,18.0,0
West Nile,2019,5978,220.0,3.8207711010767627,18.0,0
West Nile,2019,6026,268.0,4.654393886766238,18.0,0
West Nile,2019,5638,-120.0,-2.084056964223689,18.0,0
West Nile,2019,5727,-31.0,-0.538381382424453,18.0,0
West Nile,2019,5871,113.0,1.9624869746439737,18.0,1
Sezibwa,2024,5184,116.0,2.2888713496448303,18.0,0
Sezibwa,2024,5117,49.0,0.9668508287292817,18.0,0
Sezibwa,2024,5438,370.0,7.300710339384373,18.0,0
Sezibwa,2024,5181,113.0,2.229676400947119,18.0,0
Sezibwa,2024,5258,190.0,3.749013417521705,18.0,0
Sezibwa,2024,5138,70.0,1.3812154696132597,18.0,0
Sezibwa,2024,4816,-252.0,-4.972375690607735,18.0,0
Sezibwa,2024,4907,-161.0,-3.1767955801104977,18.0,0
Sezibwa,2024,4766,-302.0,-5.95895816890292,18.0,0
Sezibwa,2024,5335,267.0,5.26835043409629,18.0,0
Sezibwa,2024,4678,-390.0,-7.695343330702446,18.0,0
Sezibwa,2024,5031,-37.0,-0.7300710339384372,18.0,1
Sezibwa,2024,4975,-93.0,-1.835043409629045,18.0,0
Sezibwa,2024,4559,-509.0,-10.043409629044989,18.0,0
Sezibwa,2024,4969,-99.0,-1.9534333070244672,18.0,0
Sezibwa,2024,4990,-78.0,-1.5390686661404893,18.0,0
Sezibwa,2024,5493,425.0,8.385951065509078,18.0,1
Sezibwa,2024,4583,-485.0,-9.569850039463299,18.0,1
Sezibwa,2024,5400,332.0,6.550907655880031,18.0,0
Sezibwa,2024,5011,-57.0,-1.1247040252565115,18.0,1
Sezibwa,2023,5239,215.0,4.279458598726114,20.0,0
Sezibwa,2023,5044,20.0,0.3980891719745223,20.0,0
Sezibwa,2023,4748,-276.0,-5.493630573248407,20.0,0
Sezibwa,2023,5380,356.0,7.085987261146497,20.0,0
Sezibwa,2023,5334,310.0,6.170382165605096,20.0,0
Sezibwa,2023,4764,-260.0,-5.17515923566879,20.0,0
Sezibwa,2023,5173,149.0,2.965764331210191,20.0,0
Sezibwa,2023,4875,-149.0,-2.965764331210191,20.0,1
Sezibwa,2023,4647,-377.0,-7.5039808917197455,20.0,0
Sezibwa,2023,4828,-196.0,-3.901273885350318,20.0,0
Sezibwa,2023,5363,339.0,6.747611464968154,20.0,0
Sezibwa,2023,5246,222.0,4.4187898089171975,20.0,0
Sezibwa,2023,4950,-74.0,-1.4729299363057324,20.0,0
Sezibwa,2023,5364,340.0,6.7675159235668785,20.0,0
Sezibwa,2023,5311,287.0,5.712579617834395,20.0,0
Sezibwa,2023,4828,-196.0,-3.901273885350318,20.0,0
Sezibwa,2023,5433,409.0,8.140923566878982,20.0,0
Sezibwa,2023,4930,-94.0,-1.8710191082802548,20.0,1
Sezibwa,2023,4963,-61.0,-1.214171974522293,20.0,0
Sezibwa,2023,4549,-475.0,-9.454617834394904,20.0,0
Sezibwa,2022,6023,-189.0,-3.042498390212492,16.0,0
Sezibwa,2022,6169,-43.0,-0.6922086284610431,16.0,0
Sezibwa,2022,6307,95.0,1.5292981326464905,16.0,0
Sezibwa,2022,5871,-341.0,-5.489375402446877,16.0,0
Sezibwa,2022,5983,-229.0,-3.686413393432067,16.0,0
Sezibwa,2022,6726,514.0,8.27430779137154,16.0,1
Sezibwa,2022,6544,332.0,5.344494526722473,16.0,1
Sezibwa,2022,6607,395.0,6.358660656793304,16.0,0
Sezibwa,2022,6194,-18.0,-0.2897617514488087,16.0,0
Sezibwa,2022,6316,104.0,1.674179008370895,16.0,0
Sezibwa,2022,6404,192.0,3.0907920154539603,16.0,0
Sezibwa,2022,6720,508.0,8.177720540888602,16.0,0
Sezibwa,2022,5740,-472.0,-7.598197037990985,16.0,0
Sezibwa,2022,5394,-818.0,-13.168061815840309,16.0,0
Sezibwa,2022,6052,-160.0,-2.5756600128783,16.0,0
Sezibwa,2022,6287,75.0,1.207340631036703,16.0,0
Sezibwa,2022,6238,26.0,0.41854475209272374,16.0,0
Sezibwa,2022,5980,-232.0,-3.7347070186735354,16.0,0
Sezibwa,2022,6375,163.0,2.6239536381197683,16.0,0
Sezibwa,2022,6063,-149.0,-2.3985833869929167,16.0,1
Sezibwa,2021,4978,3.0,0.06030150753768845,21.0,0
Sezibwa,2021,5094,119.0,2.391959798994975,21.0,0
Sezibwa,2021,4867,-108.0,-2.1708542713567835,21.0,0
Sezibwa,2021,5172,197.0,3.9597989949748746,21.0,0
Sezibwa,2021,5220,245.0,4.924623115577889,21.0,0
Sezibwa,2021,4797,-178.0,-3.577889447236181,21.0,0
Sezibwa,2021,4854,-121.0,-2.4321608040201004,21.0,0
Sezibwa,2021,4734,-241.0,-4.844221105527638,21.0,0
Sezibwa,2021,4972,-3.0,-0.06030150753768845,21.0,0
Sezibwa,2021,5051,76.0,1.527638190954774,21.0,0
Sezibwa,2021,5426,451.0,9.06532663316583,21.0,0
Sezibwa,2021,4889,-86.0,-1.728643216080402,21.0,1
Sezibwa,2021,5044,69.0,1.3869346733668342,21.0,0
Sezibwa,2021,4848,-127.0,-2.5527638190954773,21.0,0
Sezibwa,2021,4855,-120.0,-2.4120603015075375,21.0,0
Sezibwa,2021,5064,89.0,1.7889447236180904,21.0,0
Sezibwa,2021,4871,-104.0,-2.0904522613065324,21.0,0
Sezibwa,2021,4959,-16.0,-0.32160804020100503,21.0,1
Sezibwa,2021,5073,98.0,1.9698492462311559,21.0,0
Sezibwa,2021,5040,65.0,1.306532663316583,21.0,0
Sezibwa,2020,4435,-602.0,-11.951558467341671,20.0,0
Sezibwa,2020,4912,-125.0,-2.481635894381576,20.0,0
Sezibwa,2020,5313,276.0,5.47945205479452,20.0,0
Sezibwa,2020,4642,-395.0,-7.8419694262457815,20.0,0
Sezibwa,2020,4279,-758.0,-15.048640063529877,20.0,0
Sezibwa,2020,5180,143.0,2.8389914631725235,20.0,0
Sezibwa,2020,5098,61.0,1.2110383164582093,20.0,0
Sezibwa,2020,4762,-275.0,-5.459598967639468,20.0,0
Sezibwa,2020,5064,27.0,0.5360333531864204,20.0,1
Sezibwa,2020,4879,-158.0,-3.1367877704983123,20.0,0
Sezibwa,2020,5161,124.0,2.4617828072265238,20.0,0
Sezibwa,2020,4318,-719.0,-14.274369664482828,20.0,0
Sezibwa,2020,4972,-65.0,-1.2904506650784198,20.0,0
Sezibwa,2020,4901,-136.0,-2.7000198530871553,20.0,0
Sezibwa,2020,5237,200.0,3.9706174310105222,20.0,0
Sezibwa,2020,4568,-469.0,-9.311097875719675,20.0,1
Sezibwa,2020,5048,11.0,0.21838395870557872,20.0,1
Sezibwa,2020,5177,140.0,2.7794322017073654,20.0,0
Sezibwa,2020,5504,467.0,9.271391701409568,20.0,0
Sezibwa,2020,4915,-122.0,-2.4220766329164185,20.0,0
Sezibwa,2019,5738,91.0,1.611475119532495,20.0,0
Sezibwa,2019,5137,-510.0,-9.031344076500798,20.0,0
Sezibwa,2019,5645,-2.0,-0.03541703559412077,20.0,0
Sezibwa,2019,5979,332.0,5.879227908624048,20.0,0
Sezibwa,2019,6174,527.0,9.332388879050823,20.0,0
Sezibwa,2019,5765,118.0,2.0896051000531255,20.0,0
Sezibwa,2019,5203,-444.0,-7.862581901894812,20.0,0
Sezibwa,2019,6029,382.0,6.764653798477068,20.0,0
Sezibwa,2019,5205,-442.0,-7.827164866300691,20.0,0
Sezibwa,2019,5313,-334.0,-5.914644944218169,20.0,0
Sezibwa,2019,6057,410.0,7.260492296794759,20.0,0
Sezibwa,2019,5624,-23.0,-0.40729590933238885,20.0,0
Sezibwa,2019,5480,-167.0,-2.9573224721090847,20.0,0
Sezibwa,2019,5844,197.0,3.488578006020896,20.0,0
Sezibwa,2019,5693,46.0,0.8145918186647777,20.0,0
Sezibwa,2019,6267,620.0,10.97928103417744,20.0,0
Sezibwa,2019,5950,303.0,5.365680892509297,20.0,0
Sezibwa,2019,5706,59.0,1.0448025500265627,20.0,0
Sezibwa,2019,5713,66.0,1.1687621746059855,20.0,0
Sezibwa,2019,5939,292.0,5.170887196741632,20.0,0
Greater Bushenyi,2024,4849,-23.0,-0.47208538587848936,20.0,0
Greater Bushenyi,2024,4655,-217.0,-4.454022988505748,20.0,0
Greater Bushenyi,2024,5057,185.0,3.7972085385878493,20.0,0
Greater Bushenyi,2024,4800,-72.0,-1.477832512315271,20.0,0
Greater Bushenyi,2024,4942,70.0,1.4367816091954022,20.0,0
Greater Bushenyi,2024,4385,-487.0,-9.995894909688014,20.0,0
Greater Bushenyi,2024,4839,-33.0,-0.6773399014778325,20.0,0
Greater Bushenyi,2024,4744,-128.0,-2.6272577996715927,20.0,0
Greater Bushenyi,2024,4379,-493.0,-10.119047619047619,20.0,0
Greater Bushenyi,2024,4847,-25.0,-0.513136288998358,20.0,0
Greater Bushenyi,2024,4855,-17.0,-0.34893267651888343,20.0,0
Greater Bushenyi,2024,4960,88.0,1.8062397372742198,20.0,0
Greater Bushenyi,2024,5154,282.0,5.788177339901478,20.0,0
Greater Bushenyi,2024,5109,237.0,4.864532019704434,20.0,1
Greater Bushenyi,2024,4760,-112.0,-2.2988505747126435,20.0,0
Greater Bushenyi,2024,4917,45.0,0.9236453201970444,20.0,0
Greater Bushenyi,2024,4995,123.0,2.5246305418719213,20.0,1
Greater Bushenyi,2024,4767,-105.0,-2.1551724137931036,20.0,0
Greater Bushenyi,2024,4510,-362.0,-7.430213464696224,20.0,0
Greater Bushenyi,2024,4821,-51.0,-1.0467980295566501,20.0,0
Greater Bushenyi,2023,5470,311.0,6.028300058150805,19.0,0
Greater Bushenyi,2023,4765,-394.0,-7.637138980422563,19.0,0
Greater Bushenyi,2023,4905,-254.0,-4.923434774181043,19.0,0
Greater Bushenyi,2023,4954,-205.0,-3.9736383019965107,19.0,0
Greater Bushenyi,2023,4907,-252.0,-4.884667571234735,19.0,0
Greater Bushenyi,2023,5340,181.0,3.5084318666408216,19.0,0
Greater Bushenyi,2023,4996,-163.0,-3.159527040124055,19.0,1
Greater Bushenyi,2023,5347,188.0,3.644117076952898,19.0,0
Greater Bushenyi,2023,5170,11.0,0.21321961620469082,19.0,0
Greater Bushenyi,2023,4708,-451.0,-8.742004264392325,19.0,0
Greater Bushenyi,2023,5053,-106.0,-2.0546617561542933,19.0,0
Greater Bushenyi,2023,5418,259.0,5.020352781546811,19.0,0
Greater Bushenyi,2023,5198,39.0,0.7559604574529948,19.0,1
Greater Bushenyi,2023,5072,-87.0,-1.6863733281643727,19.0,0
Greater Bushenyi,2023,5473,314.0,6.086450862570265,19.0,0
Greater Bushenyi,2023,4881,-278.0,-5.388641209536732,19.0,0
Greater Bushenyi,2023,5005,-154.0,-2.9850746268656714,19.0,0
Greater Bushenyi,2023,5391,232.0,4.496995541771661,19.0,0
Greater Bushenyi,2023,5334,175.0,3.3921302578018993,19.0,0
Greater Bushenyi,2023,4861,-298.0,-5.776313238999807,19.0,0
Greater Bushenyi,2022,5675,131.0,2.3629148629148626,21.0,0
Greater Bushenyi,2022,5365,-179.0,-3.228715728715729,21.0,0
Greater Bushenyi,2022,4972,-572.0,-10.317460317460316,21.0,0
Greater Bushenyi,2022,5456,-88.0,-1.5873015873015872,21.0,0
Greater Bushenyi,2022,6084,540.0,9.740259740259742,21.0,0
Greater Bushenyi,2022,5828,284.0,5.1226551226551225,21.0,1
Greater Bushenyi,2022,5530,-14.0,-0.25252525252525254,21.0,0
Greater Bushenyi,2022,5105,-439.0,-7.918470418470419,21.0,0
Greater Bushenyi,2022,4979,-565.0,-10.191197691197692,21.0,0
Greater Bushenyi,2022,5557,13.0,0.2344877344877345,21.0,0
Greater Bushenyi,2022,5656,112.0,2.0202020202020203,21.0,0
Greater Bushenyi,2022,5742,198.0,3.571428571428571,21.0,0
Greater Bushenyi,2022,5707,163.0,2.94011544011544,21.0,0
Greater Bushenyi,2022,5732,188.0,3.3910533910533913,21.0,0
Greater Bushenyi,2022,5620,76.0,1.3708513708513708,21.0,0
Greater Bushenyi,2022,5875,331.0,5.970418470418471,21.0,0
Greater Bushenyi,2022,5398,-146.0,-2.6334776334776335,21.0,0
Greater Bushenyi,2022,5552,8.0,0.1443001443001443,21.0,1
Greater Bushenyi,2022,5061,-483.0,-8.712121212121213,21.0,0
Greater Bushenyi,2022,5392,-152.0,-2.7417027417027415,21.0,0
Greater Bushenyi,2021,5517,261.0,4.965753424657534,19.0,0
Greater Bushenyi,2021,5425,169.0,3.215372907153729,19.0,0
Greater Bushenyi,2021,4632,-624.0,-11.87214611872146,19.0,0
Greater Bushenyi,2021,5792,536.0,10.197869101978691,19.0,0
Greater Bushenyi,2021,5297,41.0,0.7800608828006088,19.0,0
Greater Bushenyi,2021,5302,46.0,0.8751902587519025,19.0,1
Greater Bushenyi,2021,5096,-160.0,-3.0441400304414,19.0,0
Greater Bushenyi,2021,5149,-107.0,-2.0357686453576864,19.0,0
Greater Bushenyi,2021,5294,38.0,0.7229832572298325,19.0,0
Greater Bushenyi,2021,5409,153.0,2.910958904109589,19.0,0
Greater Bushenyi,2021,5341,85.0,1.6171993911719937,19.0,0
Greater Bushenyi,2021,5115,-141.0,-2.682648401826484,19.0,0
Greater Bushenyi,2021,5019,-237.0,-4.509132420091324,19.0,0
Greater Bushenyi,2021,5002,-254.0,-4.832572298325723,19.0,1
Greater Bushenyi,2021,5539,283.0,5.384322678843226,19.0,0
Greater Bushenyi,2021,5503,247.0,4.699391171993912,19.0,0
Greater Bushenyi,2021,5384,128.0,2.43531202435312,19.0,0
Greater Bushenyi,2021,5537,281.0,5.346270928462709,19.0,0
Greater Bushenyi,2021,5223,-33.0,-0.6278538812785388,19.0,1
Greater Bushenyi,2021,5478,222.0,4.223744292237443,19.0,0
Greater Bushenyi,2020,6311,166.0,2.7013832384052074,15.0,1
Greater Bushenyi,2020,6414,269.0,4.377542717656632,15.0,0
Greater Bushenyi,2020,5819,-326.0,-5.305126118795768,15.0,1
Greater Bushenyi,2020,5377,-768.0,-12.497965825874696,15.0,1
Greater Bushenyi,2020,6225,80.0,1.3018714401952807,15.0,0
Greater Bushenyi,2020,5545,-600.0,-9.764035801464606,15.0,1
Greater Bushenyi,2020,6037,-108.0,-1.757526444263629,15.0,1
Greater Bushenyi,2020,5463,-682.0,-11.098454027664769,15.0,1
Greater Bushenyi,2020,6530,385.0,6.265256305939788,15.0,1
Greater Bushenyi,2020,6435,290.0,4.719283970707893,15.0,1
Greater Bushenyi,2020,6252,107.0,1.741253051261188,15.0,0
Greater Bushenyi,2020,5885,-260.0,-4.231082180634662,15.0,1
Greater Bushenyi,2020,5597,-548.0,-8.917819365337673,15.0,0
Greater Bushenyi,2020,5459,-686.0,-11.163547599674532,15.0,1
Greater Bushenyi,2020,5975,-170.0,-2.7664768104149715,15.0,1
Greater Bushenyi,2020,6358,213.0,3.466232709519935,15.0,1
Greater Bushenyi,2020,6040,-105.0,-1.7087062652563059,15.0,1
Greater Bushenyi,2020,6298,153.0,2.4898291293734744,15.0,1
Greater Bushenyi,2020,6314,169.0,2.7502034174125307,15.0,0
Greater Bushenyi,2020,6354,209.0,3.401139137510171,15.0,1
Greater Bushenyi,2019,6551,-703.0,-9.691204852495176,13.0,1
Greater Bushenyi,2019,6977,-277.0,-3.818582850840915,13.0,0
Greater Bushenyi,2019,7428,174.0,2.3986765922249793,13.0,1
Greater Bushenyi,2019,7796,542.0,7.471739729804246,13.0,1
Greater Bushenyi,2019,7670,416.0,5.734767025089606,13.0,0
Greater Bushenyi,2019,7361,107.0,1.4750482492417976,13.0,0
Greater Bushenyi,2019,7713,459.0,6.327543424317618,13.0,1
Greater Bushenyi,2019,7358,104.0,1.4336917562724014,13.0,1
Greater Bushenyi,2019,6691,-563.0,-7.761235180590019,13.0,0
Greater Bushenyi,2019,7494,240.0,3.3085194375516958,13.0,1
Greater Bushenyi,2019,7685,431.0,5.941549489936587,13.0,1
Greater Bushenyi,2019,7924,670.0,9.236283429831817,13.0,1
Greater Bushenyi,2019,7043,-211.0,-2.908740005514199,13.0,1
Greater Bushenyi,2019,6834,-420.0,-5.789909015715467,13.0,1
Greater Bushenyi,2019,7562,308.0,4.245933278191343,13.0,1
Greater Bushenyi,2019,7405,151.0,2.081610146126275,13.0,1
Greater Bushenyi,2019,7371,117.0,1.6129032258064515,13.0,1
Greater Bushenyi,2019,7719,465.0,6.41025641025641,13.0,1
Greater Bushenyi,2019,7560,306.0,4.218362282878412,13.0,0
Greater Bushenyi,2019,7440,186.0,2.564102564102564,13.0,1
Bukedi South,2024,4802,-114.0,-2.3189585028478437,19.0,0
Bukedi South,2024,5101,185.0,3.763222131814483,19.0,0
Bukedi South,2024,4622,-294.0,-5.980471928397071,19.0,0
Bukedi South,2024,4986,70.0,1.4239218877135882,19.0,0
Bukedi South,2024,4907,-9.0,-0.18307567127746135,19.0,0
Bukedi South,2024,4524,-392.0,-7.973962571196094,19.0,0
Bukedi South,2024,5019,103.0,2.0951993490642797,19.0,0
Bukedi South,2024,4773,-143.0,-2.9088689991863306,19.0,0
Bukedi South,2024,5013,97.0,1.9731489015459722,19.0,0
Bukedi South,2024,4680,-236.0,-4.800650935720097,19.0,0
Bukedi South,2024,5126,210.0,4.271765663140765,19.0,0
Bukedi South,2024,5328,412.0,8.380797396257119,19.0,0
Bukedi South,2024,4382,-534.0,-10.862489829129373,19.0,0
Bukedi South,2024,4622,-294.0,-5.980471928397071,19.0,0
Bukedi South,2024,4680,-236.0,-4.800650935720097,19.0,0
Bukedi South,2024,4583,-333.0,-6.77379983726607,19.0,0
Bukedi South,2024,4863,-53.0,-1.078112286411717,19.0,0
Bukedi South,2024,5009,93.0,1.8917819365337671,19.0,0
Bukedi South,2024,5085,169.0,3.4377542717656633,19.0,0
Bukedi South,2024,4981,65.0,1.322213181448332,19.0,0
Bukedi South,2023,4917,156.0,3.276622558286074,21.0,0
Bukedi South,2023,4744,-17.0,-0.35706784289014915,21.0,0
Bukedi South,2023,4620,-141.0,-2.9615626969124134,21.0,1
Bukedi South,2023,4538,-223.0,-4.683889939088426,21.0,0
Bukedi South,2023,4718,-43.0,-0.9031716026044948,21.0,0
Bukedi South,2023,4543,-218.0,-4.578869985297207,21.0,0
Bukedi South,2023,4843,82.0,1.7223272421760134,21.0,0
Bukedi South,2023,4547,-214.0,-4.494854022264231,21.0,1
Bukedi South,2023,4644,-117.0,-2.4574669187145557,21.0,0
Bukedi South,2023,5016,255.0,5.356017643352237,21.0,0
Bukedi South,2023,5041,280.0,5.881117412308338,21.0,0
Bukedi South,2023,5033,272.0,5.713085486242386,21.0,0
Bukedi South,2023,4748,-13.0,-0.2730518798571729,21.0,0
Bukedi South,2023,4629,-132.0,-2.7725267800882167,21.0,0
Bukedi South,2023,4880,119.0,2.499474900231044,21.0,0
Bukedi South,2023,4551,-210.0,-4.410838059231255,21.0,0
Bukedi South,2023,4937,176.0,3.696702373450956,21.0,0
Bukedi South,2023,4609,-152.0,-3.192606595253098,21.0,0
Bukedi South,2023,4708,-53.0,-1.1132115101869355,21.0,0
Bukedi South,2023,4943,182.0,3.8227263180004205,21.0,0
Bukedi South,2022,4797,-481.0,-9.113300492610838,23.0,0
Bukedi South,2022,5120,-158.0,-2.993558165971959,23.0,0
Bukedi South,2022,5375,97.0,1.8378173550587344,23.0,0
Bukedi South,2022,5432,154.0,2.9177718832891246,23.0,1
Bukedi South,2022,5386,108.0,2.046229632436529,23.0,0
Bukedi South,2022,5217,-61.0,-1.1557408109132246,23.0,0
Bukedi South,2022,5508,230.0,4.357711254262978,23.0,1
Bukedi South,2022,5023,-255.0,-4.831375521030693,23.0,0
Bukedi South,2022,5012,-266.0,-5.039787798408488,23.0,0
Bukedi South,2022,5373,95.0,1.799924213717317,23.0,0
Bukedi South,2022,4995,-283.0,-5.361879499810534,23.0,0
Bukedi South,2022,5731,453.0,8.582796513830997,23.0,0
Bukedi South,2022,5486,208.0,3.9408866995073892,23.0,0
Bukedi South,2022,5127,-151.0,-2.860932171276999,23.0,0
Bukedi South,2022,5502,224.0,4.244031830238726,23.0,0
Bukedi South,2022,4953,-325.0,-6.157635467980295,23.0,0
Bukedi South,2022,5661,383.0,7.256536566881394,23.0,0
Bukedi South,2022,5281,3.0,0.05683971201212581,23.0,0
Bukedi South,2022,5120,-158.0,-2.993558165971959,23.0,0
Bukedi South,2022,5199,-79.0,-1.4967790829859795,23.0,0
Bukedi South,2021,3933,-154.0,-3.768045020797651,24.0,0
Bukedi South,2021,4041,-46.0,-1.1255199412772203,24.0,0
Bukedi South,2021,3846,-241.0,-5.89674577930022,24.0,0
Bukedi South,2021,4459,372.0,9.102030829459261,24.0,0
Bukedi South,2021,3971,-116.0,-2.8382676780034255,24.0,1
Bukedi South,2021,4256,169.0,4.135062392953266,24.0,1
Bukedi South,2021,4129,42.0,1.027648642035723,24.0,0
Bukedi South,2021,3885,-202.0,-4.94250061169562,24.0,0
Bukedi South,2021,4048,-39.0,-0.9542451676045999,24.0,0
Bukedi South,2021,4330,243.0,5.9456814289209685,24.0,0
Bukedi South,2021,3993,-94.0,-2.2999755321751896,24.0,0
Bukedi South,2021,3866,-221.0,-5.4073892830927335,24.0,1
Bukedi South,2021,4198,111.0,2.715928553951554,24.0,0
Bukedi South,2021,3643,-444.0,-10.863714215806215,24.0,0
Bukedi South,2021,4030,-57.0,-1.3946660141913383,24.0,0
Bukedi South,2021,4350,263.0,6.435037925128456,24.0,0
Bukedi South,2021,4042,-45.0,-1.101052116466846,24.0,0
Bukedi South,2021,4278,191.0,4.673354538781503,24.0,0
Bukedi South,2021,3863,-224.0,-5.480792757523856,24.0,1
Bukedi South,2021,4035,-52.0,-1.2723268901394666,24.0,1
Bukedi South,2020,4803,-85.0,-1.738952536824877,21.0,0
Bukedi South,2020,5007,119.0,2.434533551554828,21.0,0
Bukedi South,2020,4904,16.0,0.32733224222585927,21.0,0
Bukedi South,2020,4394,-494.0,-10.106382978723403,21.0,0
Bukedi South,2020,5240,352.0,7.201309328968904,21.0,0
Bukedi South,2020,4762,-126.0,-2.5777414075286416,21.0,1
Bukedi South,2020,4901,13.0,0.26595744680851063,21.0,0
Bukedi South,2020,4812,-76.0,-1.5548281505728314,21.0,0
Bukedi South,2020,4883,-5.0,-0.10229132569558103,21.0,0
Bukedi South,2020,4862,-26.0,-0.5319148936170213,21.0,0
Bukedi South,2020,4671,-217.0,-4.439443535188216,21.0,0
Bukedi South,2020,5076,188.0,3.8461538461538463,21.0,0
Bukedi South,2020,4724,-164.0,-3.355155482815057,21.0,0
Bukedi South,2020,4708,-180.0,-3.6824877250409163,21.0,0
Bukedi South,2020,4510,-378.0,-7.733224222585925,21.0,0
Bukedi South,2020,4756,-132.0,-2.7004909983633385,21.0,0
Bukedi South,2020,4721,-167.0,-3.4165302782324063,21.0,0
Bukedi South,2020,4175,-713.0,-14.586743044189854,21.0,0
Bukedi South,2020,4394,-494.0,-10.106382978723403,21.0,0
Bukedi South,2020,4195,-693.0,-14.177577741407529,21.0,0
Bukedi South,2019,9675,-111.0,-1.1342734518700184,7.0,1
Bukedi South,2019,10465,679.0,6.938483547925609,7.0,1
Bukedi South,2019,9104,-682.0,-6.969139587165338,7.0,1
Bukedi South,2019,9769,-17.0,-0.17371755569180464,7.0,1
Bukedi South,2019,9664,-122.0,-1.2466789290823626,7.0,1
Bukedi South,2019,10092,306.0,3.126916002452483,7.0,1
Bukedi South,2019,10130,344.0,3.5152258328223995,7.0,1
Bukedi South,2019,10840,1054.0,10.770488452891886,7.0,1
Bukedi South,2019,9906,120.0,1.226241569589209,7.0,1
Bukedi South,2019,9393,-393.0,-4.015941140404659,7.0,1
Bukedi South,2019,9509,-277.0,-2.8305742898017576,7.0,1
Bukedi South,2019,9555,-231.0,-2.3605150214592276,7.0,1
Bukedi South,2019,9472,-314.0,-3.208665440425097,7.0,1
Bukedi South,2019,10600,814.0,8.318005313713469,7.0,0
Bukedi South,2019,10105,319.0,3.2597588391579806,7.0,1
Bukedi South,2019,8987,-799.0,-8.164725117514818,7.0,1
Bukedi South,2019,10020,234.0,2.391171060698958,7.0,1
Bukedi South,2019,9269,-517.0,-5.283057428980175,7.0,1
Bukedi South,2019,10124,338.0,3.453913754342939,7.0,1
Bukedi South,2019,10327,541.0,5.528305742898017,7.0,1
Kiira,2024,4453,-53.0,-1.1762094984465157,23.0,0
Kiira,2024,4376,-130.0,-2.885042166000888,23.0,0
Kiira,2024,4837,331.0,7.345761207279184,23.0,0
Kiira,2024,4348,-158.0,-3.5064358632933867,23.0,0
Kiira,2024,4326,-180.0,-3.9946737683089215,23.0,0
Kiira,2024,4291,-215.0,-4.771415889924545,23.0,0
Kiira,2024,4487,-19.0,-0.42166000887705285,23.0,0
Kiira,2024,4560,54.0,1.1984021304926764,23.0,1
Kiira,2024,4720,214.0,4.749223257878384,23.0,0
Kiira,2024,4624,118.0,2.6187305814469597,23.0,0
Kiira,2024,4620,114.0,2.5299600532623168,23.0,1
Kiira,2024,4792,286.0,6.347092765201953,23.0,0
Kiira,2024,4282,-224.0,-4.971149578339991,23.0,0
Kiira,2024,4180,-326.0,-7.23479804704838,23.0,0
Kiira,2024,4636,130.0,2.885042166000888,23.0,0
Kiira,2024,4477,-29.0,-0.6435863293386596,23.0,0
Kiira,2024,4721,215.0,4.771415889924545,23.0,0
Kiira,2024,4497,-9.0,-0.1997336884154461,23.0,1
Kiira,2024,4368,-138.0,-3.062583222370173,23.0,0
Kiira,2024,4639,133.0,2.95162006213937,23.0,0
Kiira,2023,4258,17.0,0.400848856401792,22.0,1
Kiira,2023,4232,-9.0,-0.21221410044800754,22.0,0
Kiira,2023,4747,506.0,11.931148314076868,22.0,0
Kiira,2023,4492,251.0,5.9184154680499885,22.0,1
Kiira,2023,4394,153.0,3.607639707616128,22.0,0
Kiira,2023,4264,23.0,0.5423249233671305,22.0,0
Kiira,2023,4246,5.0,0.11789672247111531,22.0,0
Kiira,2023,4176,-65.0,-1.532657392124499,22.0,0
Kiira,2023,4285,44.0,1.0374911577458146,22.0,0
Kiira,2023,4137,-104.0,-2.452251827399198,22.0,0
Kiira,2023,3988,-253.0,-5.965574157038434,22.0,0
Kiira,2023,4230,-11.0,-0.25937278943645364,22.0,0
Kiira,2023,4302,61.0,1.4383400141476066,22.0,0
Kiira,2023,4444,203.0,4.786606932327282,22.0,0
Kiira,2023,4073,-168.0,-3.9613298750294743,22.0,0
Kiira,2023,4248,7.0,0.16505541145956143,22.0,0
Kiira,2023,4351,110.0,2.593727894364537,22.0,0
Kiira,2023,4346,105.0,2.475831171893421,22.0,0
Kiira,2023,4581,340.0,8.01697712803584,22.0,0
Kiira,2023,4180,-61.0,-1.4383400141476066,22.0,0
Kiira,2022,4091,-186.0,-4.348842646714987,26.0,0
Kiira,2022,4297,20.0,0.4676174888940846,26.0,0
Kiira,2022,4226,-51.0,-1.1924245966799158,26.0,0
Kiira,2022,4189,-88.0,-2.0575169511339726,26.0,0
Kiira,2022,4162,-115.0,-2.6888005611409866,26.0,0
Kiira,2022,4340,63.0,1.4729950900163666,26.0,0
Kiira,2022,4134,-143.0,-3.343465045592705,26.0,0
Kiira,2022,4431,154.0,3.600654664484452,26.0,0
Kiira,2022,4420,143.0,3.343465045592705,26.0,0
Kiira,2022,4359,82.0,1.917231704465747,26.0,0
Kiira,2022,4064,-213.0,-4.980126256722001,26.0,0
Kiira,2022,4330,53.0,1.2391863455693244,26.0,0
Kiira,2022,4497,220.0,5.143792377834931,26.0,0
Kiira,2022,4447,170.0,3.9747486555997193,26.0,0
Kiira,2022,4415,138.0,3.226560673369184,26.0,0
Kiira,2022,4281,4.0,0.09352349777881692,26.0,0
Kiira,2022,4271,-6.0,-0.1402852466682254,26.0,0
Kiira,2022,4534,257.0,6.008884732288988,26.0,0
Kiira,2022,4336,59.0,1.3794715922375496,26.0,0
Kiira,2022,4339,62.0,1.4496142155716623,26.0,0
Kiira,2021,3425,414.0,13.749584855529726,27.0,0
Kiira,2021,2964,-47.0,-1.5609432082364663,27.0,0
Kiira,2021,2696,-315.0,-10.46164065094653,27.0,0
Kiira,2021,2985,-26.0,-0.8635004981733644,27.0,0
Kiira,2021,2993,-18.0,-0.5978080371969445,27.0,0
Kiira,2021,3050,39.0,1.2952507472600465,27.0,0
Kiira,2021,3084,73.0,2.4244437064098308,27.0,0
Kiira,2021,2717,-294.0,-9.764197940883427,27.0,0
Kiira,2021,3087,76.0,2.524078379275988,27.0,0
Kiira,2021,3002,-9.0,-0.29890401859847227,27.0,0
Kiira,2021,2971,-40.0,-1.328462304882099,27.0,0
Kiira,2021,2770,-241.0,-8.003985386914646,27.0,0
Kiira,2021,3225,214.0,7.107273331119229,27.0,0
Kiira,2021,2947,-64.0,-2.1255396878113584,27.0,0
Kiira,2021,3110,99.0,3.2879442045831953,27.0,1
Kiira,2021,2889,-122.0,-4.051810029890402,27.0,0
Kiira,2021,3057,46.0,1.5277316506144138,27.0,0
Kiira,2021,2973,-38.0,-1.262039189637994,27.0,0
Kiira,2021,3105,94.0,3.1218864164729325,27.0,0
Kiira,2021,2968,-43.0,-1.4280969777482564,27.0,0
Kiira,2020,3078,-136.0,-4.231487243310516,27.0,0
Kiira,2020,3211,-3.0,-0.09334163036714374,27.0,0
Kiira,2020,3203,-11.0,-0.3422526446795271,27.0,0
Kiira,2020,3252,38.0,1.1823273179838207,27.0,0
Kiira,2020,3362,148.0,4.604853764779091,27.0,0
Kiira,2020,3045,-169.0,-5.258245177349098,27.0,0
Kiira,2020,3353,139.0,4.32482887367766,27.0,1
Kiira,2020,3023,-191.0,-5.942750466708152,27.0,0
Kiira,2020,3308,94.0,2.9247044181705038,27.0,0
Kiira,2020,3313,99.0,3.0802738021157436,27.0,0
Kiira,2020,3138,-76.0,-2.3646546359676415,27.0,0
Kiira,2020,3092,-122.0,-3.7958929682638454,27.0,0
Kiira,2020,3084,-130.0,-4.044803982576229,27.0,1
Kiira,2020,3226,12.0,0.37336652146857496,27.0,0
Kiira,2020,3324,110.0,3.422526446795271,27.0,0
Kiira,2020,3191,-23.0,-0.7156191661481021,27.0,0
Kiira,2020,2863,-351.0,-10.920970752955817,27.0,0
Kiira,2020,3128,-86.0,-2.675793403858121,27.0,0
Kiira,2020,3123,-91.0,-2.8313627878033603,27.0,0
Kiira,2020,3291,77.0,2.3957685127566895,27.0,0
Kiira,2019,3557,92.0,2.655122655122655,25.0,0
Kiira,2019,3490,25.0,0.7215007215007215,25.0,0
Kiira,2019,3615,150.0,4.329004329004329,25.0,0
Kiira,2019,3629,164.0,4.733044733044734,25.0,0
Kiira,2019,3382,-83.0,-2.3953823953823954,25.0,0
Kiira,2019,3321,-144.0,-4.1558441558441555,25.0,0
Kiira,2019,3451,-14.0,-0.40404040404040403,25.0,0
Kiira,2019,3173,-292.0,-8.427128427128427,25.0,0
Kiira,2019,3490,25.0,0.7215007215007215,25.0,1
Kiira,2019,3374,-91.0,-2.6262626262626263,25.0,0
Kiira,2019,3998,533.0,15.382395382395384,25.0,0
Kiira,2019,3700,235.0,6.782106782106783,25.0,0
Kiira,2019,3359,-106.0,-3.059163059163059,25.0,0
Kiira,2019,3289,-176.0,-5.079365079365079,25.0,0
Kiira,2019,3346,-119.0,-3.4343434343434343,25.0,0
Kiira,2019,3632,167.0,4.81962481962482,25.0,0
Kiira,2019,3637,172.0,4.963924963924964,25.0,0
Kiira,2019,3703,238.0,6.8686868686868685,25.0,0
Kiira,2019,3317,-148.0,-4.271284271284272,25.0,0
Kiira,2019,3547,82.0,2.366522366522367,25.0,0
North West Nile,2024,3699,-149.0,-3.8721413721413724,24.0,0
North West Nile,2024,4157,309.0,8.03014553014553,24.0,0
North West Nile,2024,3689,-159.0,-4.132016632016632,24.0,0
North West Nile,2024,3613,-235.0,-6.107068607068608,24.0,1
North West Nile,2024,3643,-205.0,-5.327442827442828,24.0,0
North West Nile,2024,3846,-2.0,-0.05197505197505198,24.0,0
North West Nile,2024,3977,129.0,3.3523908523908528,24.0,0
North West Nile,2024,3964,116.0,3.0145530145530146,24.0,0
North West Nile,2024,3650,-198.0,-5.145530145530146,24.0,0
North West Nile,2024,3776,-72.0,-1.8711018711018712,24.0,0
North West Nile,2024,3752,-96.0,-2.494802494802495,24.0,0
North West Nile,2024,3626,-222.0,-5.769230769230769,24.0,0
North West Nile,2024,3748,-100.0,-2.598752598752599,24.0,0
North West Nile,2024,4102,254.0,6.600831600831601,24.0,0
North West Nile,2024,3603,-245.0,-6.366943866943867,24.0,0
North West Nile,2024,3888,40.0,1.0395010395010396,24.0,0
North West Nile,2024,4107,259.0,6.730769230769231,24.0,0
North West Nile,2024,4096,248.0,6.4449064449064455,24.0,0
North West Nile,2024,4168,320.0,8.316008316008316,24.0,0
North West Nile,2024,3906,58.0,1.5072765072765073,24.0,0
North West Nile,2023,4151,90.0,2.216202905688254,24.0,0
North West Nile,2023,3959,-102.0,-2.511696626446688,24.0,1
North West Nile,2023,3798,-263.0,-6.476237379955677,24.0,0
North West Nile,2023,4031,-30.0,-0.7387343018960847,24.0,1
North West Nile,2023,4283,222.0,5.466633834031027,24.0,0
North West Nile,2023,3616,-445.0,-10.957892144791922,24.0,0
North West Nile,2023,3967,-94.0,-2.3147008126077324,24.0,0
North West Nile,2023,4171,110.0,2.708692440285644,24.0,0
North West Nile,2023,4061,0.0,0.0,24.0,0
North West Nile,2023,4310,249.0,6.131494705737503,24.0,1
North West Nile,2023,4260,199.0,4.900270869244029,24.0,0
North West Nile,2023,3776,-285.0,-7.017975868012805,24.0,0
North West Nile,2023,4077,16.0,0.39399162767791185,24.0,0
North West Nile,2023,3913,-148.0,-3.644422556020684,24.0,0
North West Nile,2023,3910,-151.0,-3.7182959862102933,24.0,0
North West Nile,2023,3790,-271.0,-6.6732331937946325,24.0,0
North West Nile,2023,4109,48.0,1.1819748830337355,24.0,0
North West Nile,2023,4315,254.0,6.2546170893868505,24.0,0
North West Nile,2023,4127,66.0,1.6252154641713863,24.0,0
North West Nile,2023,3778,-283.0,-6.9687269145530655,24.0,0
North West Nile,2022,4486,-12.0,-0.2667852378835038,25.0,0
North West Nile,2022,4611,113.0,2.5122276567363273,25.0,0
North West Nile,2022,4470,-28.0,-0.6224988883948421,25.0,0
North West Nile,2022,4567,69.0,1.5340151178301467,25.0,0
North West Nile,2022,4350,-148.0,-3.2903512672298802,25.0,0
North West Nile,2022,4444,-54.0,-1.200533570475767,25.0,0
North West Nile,2022,4431,-67.0,-1.4895509115162293,25.0,0
North West Nile,2022,4824,326.0,7.247665629168519,25.0,0
North West Nile,2022,4271,-227.0,-5.046687416629613,25.0,0
North West Nile,2022,4028,-470.0,-10.449088483770565,25.0,0
North West Nile,2022,4808,310.0,6.891951978657181,25.0,0
North West Nile,2022,4524,26.0,0.5780346820809248,25.0,0
North West Nile,2022,4228,-270.0,-6.002667852378836,25.0,0
North West Nile,2022,4697,199.0,4.424188528234771,25.0,0
North West Nile,2022,4625,127.0,2.8234771009337485,25.0,0
North West Nile,2022,4865,367.0,8.159181858603825,25.0,1
North West Nile,2022,4541,43.0,0.9559804357492218,25.0,0
North West Nile,2022,5035,537.0,11.938639395286794,25.0,0
North West Nile,2022,4472,-26.0,-0.5780346820809248,25.0,0
North West Nile,2022,4625,127.0,2.8234771009337485,25.0,1
North West Nile,2021,4062,139.0,3.5432067295437166,26.0,0
North West Nile,2021,4533,610.0,15.549324496558755,26.0,0
North West Nile,2021,3839,-84.0,-2.1412184552638287,26.0,0
North West Nile,2021,3834,-89.0,-2.2686719347438182,26.0,0
North West Nile,2021,4066,143.0,3.6451695131277084,26.0,0
North West Nile,2021,3673,-250.0,-6.372673973999491,26.0,0
North West Nile,2021,3778,-145.0,-3.6961509049197048,26.0,0
North West Nile,2021,3895,-28.0,-0.7137394850879428,26.0,0
North West Nile,2021,4236,313.0,7.978587815447362,26.0,1
North West Nile,2021,4066,143.0,3.6451695131277084,26.0,0
North West Nile,2021,3938,15.0,0.38236043843996936,26.0,0
North West Nile,2021,3822,-101.0,-2.574560285495794,26.0,0
North West Nile,2021,3510,-413.0,-10.527657405047158,26.0,0
North West Nile,2021,4323,400.0,10.196278358399184,26.0,0
North West Nile,2021,3911,-12.0,-0.30588835075197557,26.0,0
North West Nile,2021,3778,-145.0,-3.6961509049197048,26.0,0
North West Nile,2021,4369,446.0,11.36885036961509,26.0,0
North West Nile,2021,3680,-243.0,-6.194239102727504,26.0,0
North West Nile,2021,4175,252.0,6.423655365791486,26.0,0
North West Nile,2021,3925,2.0,0.05098139179199593,26.0,0
North West Nile,2020,3753,132.0,3.645401822700911,26.0,0
North West Nile,2020,3718,97.0,2.6788180060756694,26.0,0
North West Nile,2020,3750,129.0,3.5625517812758902,26.0,1
North West Nile,2020,4054,433.0,11.958022645677989,26.0,0
North West Nile,2020,4016,395.0,10.908588787627727,26.0,0
North West Nile,2020,3496,-125.0,-3.452085059375863,26.0,0
North West Nile,2020,3711,90.0,2.4855012427506216,26.0,1
North West Nile,2020,3314,-307.0,-8.478320905827118,26.0,0
North West Nile,2020,3770,149.0,4.1148853907760286,26.0,0
North West Nile,2020,3814,193.0,5.330019331676333,26.0,0
North West Nile,2020,3245,-376.0,-10.383871858602596,26.0,0
North West Nile,2020,3617,-4.0,-0.11046672190002761,26.0,0
North West Nile,2020,3752,131.0,3.6177851422259044,26.0,0
North West Nile,2020,3684,63.0,1.739850869925435,26.0,0
North West Nile,2020,3400,-221.0,-6.103286384976526,26.0,0
North West Nile,2020,3417,-204.0,-5.633802816901409,26.0,0
North West Nile,2020,3595,-26.0,-0.7180336923501794,26.0,0
North West Nile,2020,3544,-77.0,-2.1264843965755316,26.0,0
North West Nile,2020,3560,-61.0,-1.6846175089754212,26.0,0
North West Nile,2020,3378,-243.0,-6.7108533554266785,26.0,0
North West Nile,2019,3346,5.0,0.149655791679138,26.0,0
North West Nile,2019,3609,268.0,8.021550434001796,26.0,0
North West Nile,2019,3144,-197.0,-5.896438192158036,26.0,0
North West Nile,2019,3304,-37.0,-1.1074528584256211,26.0,0
North West Nile,2019,3442,101.0,3.023046991918587,26.0,0
North West Nile,2019,3081,-260.0,-7.782101167315175,26.0,0
North West Nile,2019,3347,6.0,0.17958695001496558,26.0,0
North West Nile,2019,3514,173.0,5.1780903920981745,26.0,0
North West Nile,2019,3175,-166.0,-4.968572283747381,26.0,0
North West Nile,2019,3363,22.0,0.6584854833882071,26.0,0
North West Nile,2019,3500,159.0,4.759054175396588,26.0,0
North West Nile,2019,3729,388.0,11.613289434301107,26.0,0
North West Nile,2019,3355,14.0,0.41903621670158636,26.0,0
North West Nile,2019,3221,-120.0,-3.5917390002993113,26.0,0
North West Nile,2019,3036,-305.0,-9.129003292427416,26.0,0
North West Nile,2019,3223,-118.0,-3.5318766836276563,26.0,0
North West Nile,2019,3108,-233.0,-6.97395989224783,26.0,1
North West Nile,2019,3625,284.0,8.500448967375037,26.0,0
North West Nile,2019,3489,148.0,4.4298114337024845,26.0,0
North West Nile,2019,3153,-188.0,-5.627057767135589,26.0,0
Mt Moroto,2024,3550,-142.0,-3.8461538461538463,25.0,0
Mt Moroto,2024,3704,12.0,0.3250270855904659,25.0,0
Mt Moroto,2024,3881,189.0,5.119176598049838,25.0,0
Mt Moroto,2024,3784,92.0,2.4918743228602382,25.0,0
Mt Moroto,2024,3765,73.0,1.9772481040086676,25.0,0
Mt Moroto,2024,3729,37.0,1.0021668472372698,25.0,0
Mt Moroto,2024,3493,-199.0,-5.390032502708559,25.0,0
Mt Moroto,2024,3706,14.0,0.37919826652221017,25.0,0
Mt Moroto,2024,3684,-8.0,-0.21668472372697722,25.0,0
Mt Moroto,2024,3432,-260.0,-7.042253521126761,25.0,0
Mt Moroto,2024,4000,308.0,8.342361863488625,25.0,0
Mt Moroto,2024,3583,-109.0,-2.952329360780065,25.0,0
Mt Moroto,2024,3437,-255.0,-6.906825568797399,25.0,0
Mt Moroto,2024,3611,-81.0,-2.1939328277356447,25.0,0
Mt Moroto,2024,3644,-48.0,-1.3001083423618636,25.0,0
Mt Moroto,2024,3679,-13.0,-0.35211267605633806,25.0,0
Mt Moroto,2024,3641,-51.0,-1.38136511375948,25.0,1
Mt Moroto,2024,3689,-3.0,-0.08125677139761647,25.0,0
Mt Moroto,2024,3719,27.0,0.7313109425785482,25.0,0
Mt Moroto,2024,3710,18.0,0.4875406283856988,25.0,0
Mt Moroto,2023,4164,80.0,1.9588638589618024,23.0,0
Mt Moroto,2023,4176,92.0,2.2526934378060726,23.0,0
Mt Moroto,2023,4181,97.0,2.3751224289911854,23.0,0
Mt Moroto,2023,4232,148.0,3.623898139079334,23.0,0
Mt Moroto,2023,3942,-142.0,-3.4769833496571985,23.0,0
Mt Moroto,2023,3949,-135.0,-3.305582761998041,23.0,0
Mt Moroto,2023,4295,211.0,5.166503428011753,23.0,0
Mt Moroto,2023,4000,-84.0,-2.056807051909892,23.0,0
Mt Moroto,2023,4058,-26.0,-0.6366307541625857,23.0,0
Mt Moroto,2023,4040,-44.0,-1.0773751224289911,23.0,0
Mt Moroto,2023,4548,464.0,11.361410381978452,23.0,0
Mt Moroto,2023,3909,-175.0,-4.285014691478942,23.0,0
Mt Moroto,2023,3906,-178.0,-4.35847208619001,23.0,0
Mt Moroto,2023,4081,-3.0,-0.07345739471106758,23.0,0
Mt Moroto,2023,4046,-38.0,-0.930460333006856,23.0,0
Mt Moroto,2023,3853,-231.0,-5.656219392752203,23.0,0
Mt Moroto,2023,4065,-19.0,-0.465230166503428,23.0,0
Mt Moroto,2023,4087,3.0,0.07345739471106758,23.0,0
Mt Moroto,2023,3981,-103.0,-2.5220372184133204,23.0,0
Mt Moroto,2023,4053,-31.0,-0.7590597453476984,23.0,0
Mt Moroto,2022,5097,-204.0,-3.8483305036785516,22.0,0
Mt Moroto,2022,5002,-299.0,-5.6404451990190525,22.0,0
Mt Moroto,2022,5191,-110.0,-2.07508017355216,22.0,0
Mt Moroto,2022,5037,-264.0,-4.980192416525184,22.0,0
Mt Moroto,2022,4956,-345.0,-6.508205998868139,22.0,0
Mt Moroto,2022,4809,-492.0,-9.281267685342389,22.0,1
Mt Moroto,2022,5358,57.0,1.0752688172043012,22.0,0
Mt Moroto,2022,5182,-119.0,-2.2448594604791547,22.0,0
Mt Moroto,2022,5576,275.0,5.1877004338804,22.0,0
Mt Moroto,2022,4782,-519.0,-9.790605546123372,22.0,0
Mt Moroto,2022,5203,-98.0,-1.8487077909828336,22.0,0
Mt Moroto,2022,5357,56.0,1.0564044519901905,22.0,0
Mt Moroto,2022,5132,-169.0,-3.1880777211846825,22.0,0
Mt Moroto,2022,5290,-11.0,-0.207508017355216,22.0,0
Mt Moroto,2022,4811,-490.0,-9.243538954914166,22.0,0
Mt Moroto,2022,5187,-114.0,-2.1505376344086025,22.0,0
Mt Moroto,2022,5076,-225.0,-4.244482173174872,22.0,0
Mt Moroto,2022,5546,245.0,4.621769477457083,22.0,0
Mt Moroto,2022,5340,39.0,0.7357102433503113,22.0,0
Mt Moroto,2022,5505,204.0,3.8483305036785516,22.0,0
Mt Moroto,2021,5922,324.0,5.787781350482315,17.0,0
Mt Moroto,2021,5456,-142.0,-2.536620221507681,17.0,0
Mt Moroto,2021,5627,29.0,0.5180421579135406,17.0,0
Mt Moroto,2021,5296,-302.0,-5.394783851375491,17.0,0
Mt Moroto,2021,5698,100.0,1.7863522686673812,17.0,0
Mt Moroto,2021,5739,141.0,2.5187566988210075,17.0,1
Mt Moroto,2021,5679,81.0,1.4469453376205788,17.0,0
Mt Moroto,2021,5456,-142.0,-2.536620221507681,17.0,0
Mt Moroto,2021,6097,499.0,8.913897820650233,17.0,0
Mt Moroto,2021,5601,3.0,0.05359056806002144,17.0,0
Mt Moroto,2021,6419,821.0,14.6659521257592,17.0,0
Mt Moroto,2021,5297,-301.0,-5.376920328688818,17.0,0
Mt Moroto,2021,5765,167.0,2.983208288674527,17.0,0
Mt Moroto,2021,5866,268.0,4.787424080028582,17.0,0
Mt Moroto,2021,5302,-296.0,-5.287602715255448,17.0,0
Mt Moroto,2021,5526,-72.0,-1.2861736334405145,17.0,0
Mt Moroto,2021,5206,-392.0,-7.002500893176135,17.0,0
Mt Moroto,2021,5934,336.0,6.002143622722401,17.0,0
Mt Moroto,2021,5569,-29.0,-0.5180421579135406,17.0,0
Mt Moroto,2021,5362,-236.0,-4.215791354055019,17.0,0
Mt Moroto,2020,4387,203.0,4.851816443594646,24.0,0
Mt Moroto,2020,4181,-3.0,-0.07170172084130019,24.0,0
Mt Moroto,2020,4355,171.0,4.086998087954111,24.0,1
Mt Moroto,2020,4272,88.0,2.1032504780114722,24.0,0
Mt Moroto,2020,3981,-203.0,-4.851816443594646,24.0,0
Mt Moroto,2020,4071,-113.0,-2.7007648183556405,24.0,0
Mt Moroto,2020,4012,-172.0,-4.1108986615678775,24.0,0
Mt Moroto,2020,3946,-238.0,-5.688336520076482,24.0,0
Mt Moroto,2020,3843,-341.0,-8.150095602294455,24.0,0
Mt Moroto,2020,4607,423.0,10.109942638623327,24.0,0
Mt Moroto,2020,4240,56.0,1.338432122370937,24.0,0
Mt Moroto,2020,4271,87.0,2.0793499043977053,24.0,0
Mt Moroto,2020,4412,228.0,5.449330783938815,24.0,0
Mt Moroto,2020,4069,-115.0,-2.748565965583174,24.0,1
Mt Moroto,2020,3904,-280.0,-6.692160611854685,24.0,0
Mt Moroto,2020,4335,151.0,3.608986615678776,24.0,0
Mt Moroto,2020,3933,-251.0,-5.999043977055449,24.0,0
Mt Moroto,2020,4330,146.0,3.4894837476099427,24.0,0
Mt Moroto,2020,3876,-308.0,-7.361376673040152,24.0,0
Mt Moroto,2020,3919,-265.0,-6.333652007648184,24.0,1
Mt Moroto,2019,4025,-134.0,-3.221928348160615,24.0,0
Mt Moroto,2019,4296,137.0,3.2940610723731667,24.0,0
Mt Moroto,2019,4495,336.0,8.078865111805722,24.0,0
Mt Moroto,2019,4245,86.0,2.067804760759798,24.0,0
Mt Moroto,2019,4033,-126.0,-3.029574416927146,24.0,0
Mt Moroto,2019,4348,189.0,4.544361625390718,24.0,0
Mt Moroto,2019,3847,-312.0,-7.501803318105314,24.0,0
Mt Moroto,2019,3968,-191.0,-4.5924501081990865,24.0,0
Mt Moroto,2019,4175,16.0,0.38470786246693917,24.0,0
Mt Moroto,2019,4316,157.0,3.774945900456841,24.0,0
Mt Moroto,2019,4115,-44.0,-1.0579466217840827,24.0,0
Mt Moroto,2019,4093,-66.0,-1.586919932676124,24.0,0
Mt Moroto,2019,4105,-54.0,-1.2983890358259196,24.0,1
Mt Moroto,2019,4384,225.0,5.409954315941333,24.0,0
Mt Moroto,2019,4001,-158.0,-3.798990141861024,24.0,0
Mt Moroto,2019,3955,-204.0,-4.905025246453475,24.0,1
Mt Moroto,2019,4102,-57.0,-1.3705217600384707,24.0,0
Mt Moroto,2019,4415,256.0,6.155325799471027,24.0,1
Mt Moroto,2019,4022,-137.0,-3.2940610723731667,24.0,0
Mt Moroto,2019,4104,-55.0,-1.3224332772301035,24.0,0
Bukedi North,2024,3375,-276.0,-7.559572719802794,26.0,0
Bukedi North,2024,3610,-41.0,-1.1229800054779513,26.0,0
Bukedi North,2024,3691,40.0,1.0955902492467817,26.0,0
Bukedi North,2024,3432,-219.0,-5.99835661462613,26.0,1
Bukedi North,2024,3848,197.0,5.3957819775404,26.0,0
Bukedi North,2024,3689,38.0,1.0408107367844426,26.0,0
Bukedi North,2024,3556,-95.0,-2.6020268419611066,26.0,0
Bukedi North,2024,3690,39.0,1.0682004930156122,26.0,0
Bukedi North,2024,3737,86.0,2.355519035880581,26.0,0
Bukedi North,2024,3332,-319.0,-8.737332237743084,26.0,1
Bukedi North,2024,3697,46.0,1.259928786633799,26.0,0
Bukedi North,2024,3868,217.0,5.943577102163791,26.0,0
Bukedi North,2024,3510,-141.0,-3.8619556285949055,26.0,0
Bukedi North,2024,3560,-91.0,-2.4924678170364283,26.0,0
Bukedi North,2024,3587,-64.0,-1.7529443987948508,26.0,0
Bukedi North,2024,3791,140.0,3.8345658723637364,26.0,0
Bukedi North,2024,3458,-193.0,-5.286222952615722,26.0,0
Bukedi North,2024,3729,78.0,2.1364009860312243,26.0,0
Bukedi North,2024,3590,-61.0,-1.6707751301013423,26.0,0
Bukedi North,2024,3956,305.0,8.35387565050671,26.0,1
Bukedi North,2023,3073,-43.0,-1.37997432605905,28.0,0
Bukedi North,2023,2773,-343.0,-11.007702182284982,28.0,0
Bukedi North,2023,3211,95.0,3.048780487804878,28.0,0
Bukedi North,2023,3174,58.0,1.8613607188703467,28.0,0
Bukedi North,2023,3142,26.0,0.8344030808729139,28.0,0
Bukedi North,2023,3297,181.0,5.808729139922978,28.0,0
Bukedi North,2023,2861,-255.0,-8.183568677792042,28.0,0
Bukedi North,2023,2975,-141.0,-4.525032092426187,28.0,0
Bukedi North,2023,3108,-8.0,-0.25673940949935814,28.0,1
Bukedi North,2023,3133,17.0,0.5455712451861361,28.0,0
Bukedi North,2023,3086,-30.0,-0.9627727856225932,28.0,0
Bukedi North,2023,2882,-234.0,-7.509627727856226,28.0,0
Bukedi North,2023,3039,-77.0,-2.471116816431322,28.0,0
Bukedi North,2023,3363,247.0,7.926829268292683,28.0,0
Bukedi North,2023,2945,-171.0,-5.487804878048781,28.0,0
Bukedi North,2023,3105,-11.0,-0.35301668806161746,28.0,0
Bukedi North,2023,3183,67.0,2.1501925545571248,28.0,0
Bukedi North,2023,3231,115.0,3.690629011553274,28.0,0
Bukedi North,2023,3210,94.0,3.0166880616174585,28.0,0
Bukedi North,2023,3029,-87.0,-2.79204107830552,28.0,0
Bukedi North,2022,4316,-206.0,-4.555506413091552,24.0,0
Bukedi North,2022,4902,380.0,8.403361344537815,24.0,1
Bukedi North,2022,4712,190.0,4.201680672268908,24.0,0
Bukedi North,2022,4527,5.0,0.11057054400707653,24.0,0
Bukedi North,2022,4827,305.0,6.744803184431667,24.0,0
Bukedi North,2022,4180,-342.0,-7.563025210084033,24.0,0
Bukedi North,2022,4221,-301.0,-6.656346749226007,24.0,0
Bukedi North,2022,4029,-493.0,-10.902255639097744,24.0,1
Bukedi North,2022,4545,23.0,0.508624502432552,24.0,1
Bukedi North,2022,4555,33.0,0.729765590446705,24.0,0
Bukedi North,2022,4202,-320.0,-7.076514816452898,24.0,0
Bukedi North,2022,4703,181.0,4.00265369305617,24.0,0
Bukedi North,2022,4094,-428.0,-9.46483856700575,24.0,0
Bukedi North,2022,4592,70.0,1.5479876160990713,24.0,0
Bukedi North,2022,4642,120.0,2.6536930561698364,24.0,0
Bukedi North,2022,4542,20.0,0.4422821760283061,24.0,1
Bukedi North,2022,4175,-347.0,-7.67359575409111,24.0,0
Bukedi North,2022,4782,260.0,5.749668288367979,24.0,0
Bukedi North,2022,4402,-120.0,-2.6536930561698364,24.0,0
Bukedi North,2022,4403,-119.0,-2.631578947368421,24.0,0
Bukedi North,2021,4367,-161.0,-3.55565371024735,22.0,0
Bukedi North,2021,4673,145.0,3.2022968197879855,22.0,0
Bukedi North,2021,4398,-130.0,-2.871024734982332,22.0,0
Bukedi North,2021,4261,-267.0,-5.896643109540636,22.0,0
Bukedi North,2021,4737,209.0,4.615724381625442,22.0,0
Bukedi North,2021,4507,-21.0,-0.4637809187279152,22.0,0
Bukedi North,2021,4746,218.0,4.814487632508834,22.0,0
Bukedi North,2021,4523,-5.0,-0.11042402826855124,22.0,1
Bukedi North,2021,4353,-175.0,-3.864840989399293,22.0,0
Bukedi North,2021,4126,-402.0,-8.87809187279152,22.0,0
Bukedi North,2021,4552,24.0,0.5300353356890459,22.0,0
Bukedi North,2021,4449,-79.0,-1.7446996466431095,22.0,1
Bukedi North,2021,4683,155.0,3.4231448763250882,22.0,0
Bukedi North,2021,4389,-139.0,-3.0697879858657244,22.0,0
Bukedi North,2021,4605,77.0,1.700530035335689,22.0,0
Bukedi North,2021,4514,-14.0,-0.30918727915194344,22.0,0
Bukedi North,2021,4335,-193.0,-4.262367491166078,22.0,0
Bukedi North,2021,4405,-123.0,-2.71643109540636,22.0,0
Bukedi North,2021,4222,-306.0,-6.757950530035335,22.0,0
Bukedi North,2021,4928,400.0,8.8339222614841,22.0,1
Bukedi North,2020,4742,74.0,1.5852613538988862,22.0,0
Bukedi North,2020,4339,-329.0,-7.047986289631533,22.0,1
Bukedi North,2020,5065,397.0,8.50471293916024,22.0,0
Bukedi North,2020,4409,-259.0,-5.548414738646102,22.0,0
Bukedi North,2020,4521,-147.0,-3.1491002570694087,22.0,0
Bukedi North,2020,4603,-65.0,-1.392459297343616,22.0,0
Bukedi North,2020,4659,-9.0,-0.1928020565552699,22.0,0
Bukedi North,2020,4821,153.0,3.2776349614395883,22.0,0
Bukedi North,2020,4208,-460.0,-9.85432733504713,22.0,0
Bukedi North,2020,4663,-5.0,-0.10711225364181663,22.0,0
Bukedi North,2020,4591,-77.0,-1.649528706083976,22.0,0
Bukedi North,2020,4697,29.0,0.6212510711225364,22.0,0
Bukedi North,2020,4580,-88.0,-1.8851756640959727,22.0,0
Bukedi North,2020,4551,-117.0,-2.506426735218509,22.0,1
Bukedi North,2020,4628,-40.0,-0.8568980291345331,22.0,0
Bukedi North,2020,5050,382.0,8.18337617823479,22.0,1
Bukedi North,2020,4555,-113.0,-2.4207369323050556,22.0,0
Bukedi North,2020,4924,256.0,5.484147386461012,22.0,0
Bukedi North,2020,4687,19.0,0.4070265638389032,22.0,0
Bukedi North,2020,4676,8.0,0.17137960582690662,22.0,0
Katonga,2024,3295,21.0,0.6414172266340867,27.0,0
Katonga,2024,3344,70.0,2.138057422113622,27.0,0
Katonga,2024,3206,-68.0,-2.0769700671960907,27.0,0
Katonga,2024,3441,167.0,5.100794135613928,27.0,0
Katonga,2024,3344,70.0,2.138057422113622,27.0,1
Katonga,2024,3065,-209.0,-6.383628588882101,27.0,0
Katonga,2024,2914,-360.0,-10.995723885155773,27.0,0
Katonga,2024,3535,261.0,7.971899816737935,27.0,0
Katonga,2024,3301,27.0,0.8246792913866828,27.0,0
Katonga,2024,3047,-227.0,-6.933414783139891,27.0,0
Katonga,2024,3194,-80.0,-2.443494196701283,27.0,0
Katonga,2024,3411,137.0,4.184483811850947,27.0,0
Katonga,2024,3236,-38.0,-1.1606597434331094,27.0,0
Katonga,2024,3250,-24.0,-0.7330482590103848,27.0,0
Katonga,2024,3378,104.0,3.176542455711668,27.0,0
Katonga,2024,3316,42.0,1.2828344532681735,27.0,0
Katonga,2024,3356,82.0,2.504581551618815,27.0,0
Katonga,2024,3376,102.0,3.1154551007941356,27.0,0
Katonga,2024,3151,-123.0,-3.756872327428222,27.0,0
Katonga,2024,3165,-109.0,-3.329260843005498,27.0,0
Katonga,2023,3286,-148.0,-4.309842748980781,26.0,0
Katonga,2023,3328,-106.0,-3.0867792661619107,26.0,0
Katonga,2023,3403,-31.0,-0.902737332556785,26.0,0
Katonga,2023,3415,-19.0,-0.553290623179965,26.0,0
Katonga,2023,3659,225.0,6.552125800815375,26.0,0
Katonga,2023,3470,36.0,1.04834012813046,26.0,0
Katonga,2023,3406,-28.0,-0.8153756552125802,26.0,1
Katonga,2023,3863,429.0,12.492719860221316,26.0,0
Katonga,2023,3252,-182.0,-5.29994175888177,26.0,0
Katonga,2023,3373,-61.0,-1.7763541059988353,26.0,0
Katonga,2023,3724,290.0,8.44496214327315,26.0,0
Katonga,2023,3720,286.0,8.328479906814211,26.0,0
Katonga,2023,3371,-63.0,-1.8345952242283055,26.0,0
Katonga,2023,3147,-287.0,-8.357600465928945,26.0,0
Katonga,2023,3349,-85.0,-2.4752475247524752,26.0,0
Katonga,2023,3662,228.0,6.639487478159581,26.0,0
Katonga,2023,3404,-30.0,-0.8736167734420501,26.0,0
Katonga,2023,3543,109.0,3.1741409435061154,26.0,1
Katonga,2023,3423,-11.0,-0.320326150262085,26.0,0
Katonga,2023,3184,-250.0,-7.2801397786837505,26.0,0
Katonga,2022,6195,-10.0,-0.16116035455278002,17.0,0
Katonga,2022,6445,240.0,3.8678485092667207,17.0,0
Katonga,2022,6011,-194.0,-3.126510878323932,17.0,0
Katonga,2022,6436,231.0,3.722804190169218,17.0,0
Katonga,2022,6214,9.0,0.145044319097502,17.0,0
Katonga,2022,6419,214.0,3.448831587429493,17.0,0
Katonga,2022,6289,84.0,1.353746978243352,17.0,1
Katonga,2022,5895,-310.0,-4.99597099113618,17.0,0
Katonga,2022,6098,-107.0,-1.7244157937147464,17.0,0
Katonga,2022,6088,-117.0,-1.8855761482675264,17.0,0
Katonga,2022,5997,-208.0,-3.352135374697824,17.0,0
Katonga,2022,6264,59.0,0.9508460918614021,17.0,0
Katonga,2022,6794,589.0,9.492344883158744,17.0,0
Katonga,2022,6522,317.0,5.1087832393231265,17.0,0
Katonga,2022,6567,362.0,5.834004834810637,17.0,0
Katonga,2022,5980,-225.0,-3.62610797743755,17.0,0
Katonga,2022,6573,368.0,5.930701047542305,17.0,0
Katonga,2022,6682,477.0,7.687348912167606,17.0,1
Katonga,2022,5971,-234.0,-3.771152296535053,17.0,0
Katonga,2022,6323,118.0,1.9016921837228042,17.0,0
Katonga,2021,5779,115.0,2.0303672316384183,16.0,1
Katonga,2021,5585,-79.0,-1.3947740112994351,16.0,0
Katonga,2021,5696,32.0,0.5649717514124294,16.0,0
Katonga,2021,5793,129.0,2.277542372881356,16.0,1
Katonga,2021,5603,-61.0,-1.0769774011299436,16.0,0
Katonga,2021,5938,274.0,4.8375706214689265,16.0,0
Katonga,2021,5304,-360.0,-6.3559322033898304,16.0,0
Katonga,2021,5556,-108.0,-1.9067796610169492,16.0,0
Katonga,2021,5850,186.0,3.283898305084746,16.0,0
Katonga,2021,6164,500.0,8.82768361581921,16.0,0
Katonga,2021,5958,294.0,5.190677966101695,16.0,0
Katonga,2021,5690,26.0,0.4590395480225989,16.0,0
Katonga,2021,5616,-48.0,-0.847457627118644,16.0,0
Katonga,2021,5571,-93.0,-1.641949152542373,16.0,0
Katonga,2021,5573,-91.0,-1.6066384180790962,16.0,0
Katonga,2021,5160,-504.0,-8.898305084745763,16.0,0
Katonga,2021,6149,485.0,8.562853107344633,16.0,0
Katonga,2021,5636,-28.0,-0.49435028248587576,16.0,0
Katonga,2021,5434,-230.0,-4.0607344632768365,16.0,0
Katonga,2021,5767,103.0,1.818502824858757,16.0,0
Katonga,2020,6882,-265.0,-3.707849447320554,13.0,1
Katonga,2020,7456,309.0,4.323492374422835,13.0,1
Katonga,2020,6867,-280.0,-3.9177277179236047,13.0,1
Katonga,2020,7399,252.0,3.525954946131244,13.0,1
Katonga,2020,7025,-122.0,-1.707009934238142,13.0,1
Katonga,2020,7229,82.0,1.1473345459633413,13.0,1
Katonga,2020,7428,281.0,3.931719602630474,13.0,1
Katonga,2020,6947,-200.0,-2.798376941374003,13.0,1
Katonga,2020,7418,271.0,3.7918007555617743,13.0,1
Katonga,2020,6524,-623.0,-8.71694417238002,13.0,1
Katonga,2020,7664,517.0,7.233804393451798,13.0,1
Katonga,2020,7482,335.0,4.687281376801455,13.0,0
Katonga,2020,7100,-47.0,-0.6576185812228907,13.0,1
Katonga,2020,7550,403.0,5.638729536868616,13.0,1
Katonga,2020,7508,361.0,5.051070379180075,13.0,1
Katonga,2020,7131,-16.0,-0.22387015530992024,13.0,1
Katonga,2020,7127,-20.0,-0.2798376941374003,13.0,1
Katonga,2020,6817,-330.0,-4.617321953267105,13.0,1
Katonga,2020,7149,2.0,0.02798376941374003,13.0,1
Katonga,2020,6618,-529.0,-7.401707009934238,13.0,1
Katonga,2019,5778,193.0,3.4556848701880036,21.0,0
Katonga,2019,5785,200.0,3.5810205908683974,21.0,0
Katonga,2019,5101,-484.0,-8.666069829901522,21.0,0
Katonga,2019,5957,372.0,6.660698299015219,21.0,0
Katonga,2019,5405,-180.0,-3.222918531781558,21.0,0
Katonga,2019,6373,788.0,14.109221128021488,21.0,0
Katonga,2019,5635,50.0,0.8952551477170994,21.0,0
Katonga,2019,5960,375.0,6.714413607878246,21.0,0
Katonga,2019,5319,-266.0,-4.762757385854969,21.0,0
Katonga,2019,5489,-96.0,-1.718889883616831,21.0,0
Katonga,2019,5427,-158.0,-2.8290062667860343,21.0,0
Katonga,2019,5167,-418.0,-7.484333034914951,21.0,0
Katonga,2019,5230,-355.0,-6.356311548791406,21.0,0
Katonga,2019,5538,-47.0,-0.8415398388540734,21.0,0
Katonga,2019,5677,92.0,1.647269471799463,21.0,0
Katonga,2019,5292,-293.0,-5.246195165622202,21.0,0
Katonga,2019,5473,-112.0,-2.0053715308863027,21.0,0
Katonga,2019,5376,-209.0,-3.7421665174574756,21.0,0
Katonga,2019,5555,-30.0,-0.5371530886302597,21.0,1
Katonga,2019,5756,171.0,3.06177260519248,21.0,0
Rwenzori East,2024,2796,8.0,0.2869440459110474,28.0,0
Rwenzori East,2024,2703,-85.0,-3.048780487804878,28.0,0
Rwenzori East,2024,2923,135.0,4.8421807747489245,28.0,0
Rwenzori East,2024,2829,41.0,1.4705882352941175,28.0,0
Rwenzori East,2024,2800,12.0,0.430416068866571,28.0,0
Rwenzori East,2024,2643,-145.0,-5.200860832137733,28.0,1
Rwenzori East,2024,2907,119.0,4.2682926829268295,28.0,0
Rwenzori East,2024,2843,55.0,1.9727403156384504,28.0,0
Rwenzori East,2024,2850,62.0,2.223816355810617,28.0,0
Rwenzori East,2024,2751,-37.0,-1.327116212338594,28.0,0
Rwenzori East,2024,2727,-61.0,-2.187948350071736,28.0,0
Rwenzori East,2024,3028,240.0,8.608321377331421,28.0,0
Rwenzori East,2024,2725,-63.0,-2.259684361549498,28.0,0
Rwenzori East,2024,2618,-170.0,-6.097560975609756,28.0,0
Rwenzori East,2024,2806,18.0,0.6456241032998565,28.0,0
Rwenzori East,2024,2780,-8.0,-0.2869440459110474,28.0,1
Rwenzori East,2024,2930,142.0,5.093256814921091,28.0,0
Rwenzori East,2024,2761,-27.0,-0.9684361549497847,28.0,1
Rwenzori East,2024,2868,80.0,2.8694404591104736,28.0,0
Rwenzori East,2024,2984,196.0,7.030129124820659,28.0,1
Rwenzori East,2023,3690,61.0,1.6809038302562689,25.0,0
Rwenzori East,2023,3448,-181.0,-4.987599889776798,25.0,0
Rwenzori East,2023,3308,-321.0,-8.845411959217415,25.0,0
Rwenzori East,2023,3695,66.0,1.818682832736291,25.0,0
Rwenzori East,2023,3559,-70.0,-1.9289060347203086,25.0,0
Rwenzori East,2023,3665,36.0,0.9920088178561588,25.0,0
Rwenzori East,2023,3620,-9.0,-0.2480022044640397,25.0,0
Rwenzori East,2023,3405,-224.0,-6.172499311104987,25.0,0
Rwenzori East,2023,3593,-36.0,-0.9920088178561588,25.0,0
Rwenzori East,2023,3439,-190.0,-5.2356020942408374,25.0,0
Rwenzori East,2023,3534,-95.0,-2.6178010471204187,25.0,0
Rwenzori East,2023,3783,154.0,4.243593276384678,25.0,1
Rwenzori East,2023,3634,5.0,0.13777900248002206,25.0,0
Rwenzori East,2023,3722,93.0,2.56268944612841,25.0,0
Rwenzori East,2023,3648,19.0,0.5235602094240838,25.0,0
Rwenzori East,2023,3571,-58.0,-1.5982364287682558,25.0,0
Rwenzori East,2023,3666,37.0,1.0195646183521632,25.0,0
Rwenzori East,2023,3334,-295.0,-8.1289611463213,25.0,0
Rwenzori East,2023,3755,126.0,3.4720308624965557,25.0,0
Rwenzori East,2023,3477,-152.0,-4.18848167539267,25.0,0
Rwenzori East,2022,3233,71.0,2.245414294750158,28.0,0
Rwenzori East,2022,3105,-57.0,-1.8026565464895636,28.0,0
Rwenzori East,2022,2967,-195.0,-6.1669829222011385,28.0,1
Rwenzori East,2022,3053,-109.0,-3.4471853257432,28.0,0
Rwenzori East,2022,3234,72.0,2.2770398481973433,28.0,0
Rwenzori East,2022,3493,331.0,10.468058191018342,28.0,0
Rwenzori East,2022,3145,-17.0,-0.5376344086021506,28.0,0
Rwenzori East,2022,3469,307.0,9.709044908285895,28.0,0
Rwenzori East,2022,2905,-257.0,-8.12776723592663,28.0,0
Rwenzori East,2022,2765,-397.0,-12.555344718532574,28.0,0
Rwenzori East,2022,3116,-46.0,-1.454775458570525,28.0,0
Rwenzori East,2022,3145,-17.0,-0.5376344086021506,28.0,0
Rwenzori East,2022,3242,80.0,2.530044275774826,28.0,0
Rwenzori East,2022,3059,-103.0,-3.257432005060089,28.0,0
Rwenzori East,2022,3208,46.0,1.454775458570525,28.0,0
Rwenzori East,2022,3124,-38.0,-1.2017710309930425,28.0,0
Rwenzori East,2022,3348,186.0,5.88235294117647,28.0,0
Rwenzori East,2022,3183,21.0,0.6641366223908919,28.0,0
Rwenzori East,2022,3589,427.0,13.504111321948134,28.0,0
Rwenzori East,2022,3125,-37.0,-1.170145477545857,28.0,0
Rwenzori East,2021,3141,164.0,5.508901578770574,28.0,1
Rwenzori East,2021,3191,214.0,7.188444743029895,28.0,0
Rwenzori East,2021,2614,-363.0,-12.193483372522673,28.0,0
Rwenzori East,2021,3078,101.0,3.392677191803829,28.0,1
Rwenzori East,2021,2790,-187.0,-6.281491434329863,28.0,0
Rwenzori East,2021,2937,-40.0,-1.3436345314074571,28.0,0
Rwenzori East,2021,2811,-166.0,-5.576083305340948,28.0,1
Rwenzori East,2021,3155,178.0,5.979173664763184,28.0,0
Rwenzori East,2021,2888,-89.0,-2.989586832381592,28.0,0
Rwenzori East,2021,2727,-250.0,-8.397715821296607,28.0,1
Rwenzori East,2021,3000,23.0,0.7725898555592879,28.0,0
Rwenzori East,2021,3179,202.0,6.785354383607658,28.0,1
Rwenzori East,2021,2812,-165.0,-5.542492442055761,28.0,1
Rwenzori East,2021,3099,122.0,4.098085320792745,28.0,0
Rwenzori East,2021,2693,-284.0,-9.539805172992946,28.0,0
Rwenzori East,2021,3192,215.0,7.222035606315082,28.0,0
Rwenzori East,2021,3030,53.0,1.7803157541148806,28.0,0
Rwenzori East,2021,2798,-179.0,-6.012764528048371,28.0,0
Rwenzori East,2021,3084,107.0,3.5942223715149475,28.0,0
Rwenzori East,2021,2895,-82.0,-2.754450789385287,28.0,0
Rwenzori East,2020,1761,-86.0,-4.656199242014076,29.0,1
Rwenzori East,2020,1794,-53.0,-2.8695181375203034,29.0,0
Rwenzori East,2020,1903,56.0,3.0319436924742824,29.0,0
Rwenzori East,2020,1756,-91.0,-4.926908500270709,29.0,0
Rwenzori East,2020,1641,-206.0,-11.153221440173255,29.0,0
Rwenzori East,2020,1799,-48.0,-2.5988088792636708,29.0,0
Rwenzori East,2020,1961,114.0,6.172171088251218,29.0,0
Rwenzori East,2020,1960,113.0,6.118029236599892,29.0,0
Rwenzori East,2020,1794,-53.0,-2.8695181375203034,29.0,1
Rwenzori East,2020,1791,-56.0,-3.0319436924742824,29.0,0
Rwenzori East,2020,1786,-61.0,-3.302652950730915,29.0,0
Rwenzori East,2020,1782,-65.0,-3.519220357336221,29.0,0
Rwenzori East,2020,1788,-59.0,-3.1943692474282623,29.0,0
Rwenzori East,2020,1866,19.0,1.028695181375203,29.0,0
Rwenzori East,2020,1964,117.0,6.334596643205198,29.0,0
Rwenzori East,2020,1756,-91.0,-4.926908500270709,29.0,0
Rwenzori East,2020,1771,-76.0,-4.114780725500812,29.0,0
Rwenzori East,2020,1876,29.0,1.570113697888468,29.0,0
Rwenzori East,2020,1909,62.0,3.356794802382242,29.0,0
Rwenzori East,2020,1708,-139.0,-7.52571737953438,29.0,0
Rwenzori East,2019,2793,-224.0,-7.424593967517401,27.0,0
Rwenzori East,2019,3269,252.0,8.352668213457076,27.0,0
Rwenzori East,2019,2675,-342.0,-11.335764003977461,27.0,0
Rwenzori East,2019,2964,-53.0,-1.756711965528671,27.0,0
Rwenzori East,2019,2805,-212.0,-7.026847862114684,27.0,0
Rwenzori East,2019,2787,-230.0,-7.623467020218761,27.0,0
Rwenzori East,2019,2779,-238.0,-7.888631090487238,27.0,0
Rwenzori East,2019,3180,163.0,5.402717931720251,27.0,1
Rwenzori East,2019,3022,5.0,0.16572754391779915,27.0,0
Rwenzori East,2019,3181,164.0,5.4358634405038115,27.0,0
Rwenzori East,2019,2994,-23.0,-0.762346702021876,27.0,0
Rwenzori East,2019,3176,159.0,5.270135896586012,27.0,0
Rwenzori East,2019,2990,-27.0,-0.8949287371561153,27.0,0
Rwenzori East,2019,2579,-438.0,-14.517732847199206,27.0,0
Rwenzori East,2019,3093,76.0,2.5190586675505466,27.0,0
Rwenzori East,2019,3003,-14.0,-0.46403712296983757,27.0,0
Rwenzori East,2019,2981,-36.0,-1.193238316208154,27.0,0
Rwenzori East,2019,2882,-135.0,-4.474643685780577,27.0,0
Rwenzori East,2019,3114,97.0,3.2151143520053034,27.0,0
Rwenzori East,2019,2851,-166.0,-5.502154458070931,27.0,0
Kidepo,2024,1464,45.0,3.171247357293869,29.0,0
Kidepo,2024,1424,5.0,0.3523608174770966,29.0,0
Kidepo,2024,1466,47.0,3.312191684284708,29.0,0
Kidepo,2024,1430,11.0,0.7751937984496124,29.0,0
Kidepo,2024,1502,83.0,5.849189570119803,29.0,0
Kidepo,2024,1447,28.0,1.9732205778717407,29.0,0
Kidepo,2024,1426,7.0,0.49330514446793516,29.0,0
Kidepo,2024,1254,-165.0,-11.627906976744185,29.0,0
Kidepo,2024,1506,87.0,6.13107822410148,29.0,0
Kidepo,2024,1306,-113.0,-7.963354474982381,29.0,0
Kidepo,2024,1325,-94.0,-6.624383368569416,29.0,1
Kidepo,2024,1473,54.0,3.8054968287526427,29.0,0
Kidepo,2024,1419,0.0,0.0,29.0,0
Kidepo,2024,1309,-110.0,-7.751937984496124,29.0,0
Kidepo,2024,1376,-43.0,-3.0303030303030303,29.0,0
Kidepo,2024,1501,82.0,5.778717406624383,29.0,0
Kidepo,2024,1428,9.0,0.6342494714587738,29.0,0
Kidepo,2024,1420,1.0,0.07047216349541931,29.0,1
Kidepo,2024,1368,-51.0,-3.5940803382663846,29.0,0
Kidepo,2024,1476,57.0,4.0169133192389,29.0,0
Kidepo,2023,1820,-12.0,-0.6550218340611353,29.0,0
Kidepo,2023,1887,55.0,3.002183406113537,29.0,0
Kidepo,2023,1757,-75.0,-4.093886462882096,29.0,0
Kidepo,2023,2024,192.0,10.480349344978166,29.0,0
Kidepo,2023,1957,125.0,6.823144104803494,29.0,0
Kidepo,2023,1843,11.0,0.6004366812227074,29.0,0
Kidepo,2023,1862,30.0,1.6375545851528384,29.0,0
Kidepo,2023,1777,-55.0,-3.002183406113537,29.0,0
Kidepo,2023,1894,62.0,3.384279475982533,29.0,0
Kidepo,2023,1634,-198.0,-10.807860262008735,29.0,0
Kidepo,2023,1983,151.0,8.24235807860262,29.0,0
Kidepo,2023,1889,57.0,3.111353711790393,29.0,0
Kidepo,2023,1740,-92.0,-5.021834061135371,29.0,1
Kidepo,2023,1980,148.0,8.078602620087336,29.0,0
Kidepo,2023,2014,182.0,9.934497816593886,29.0,0
Kidepo,2023,1867,35.0,1.910480349344978,29.0,0
Kidepo,2023,1758,-74.0,-4.039301310043668,29.0,0
Kidepo,2023,1835,3.0,0.16375545851528384,29.0,0
Kidepo,2023,1881,49.0,2.6746724890829694,29.0,0
Kidepo,2023,1860,28.0,1.5283842794759825,29.0,0
Kidepo,2022,2367,-125.0,-5.016051364365971,29.0,0
Kidepo,2022,2556,64.0,2.568218298555377,29.0,0
Kidepo,2022,2635,143.0,5.738362760834671,29.0,0
Kidepo,2022,2340,-152.0,-6.099518459069021,29.0,0
Kidepo,2022,2353,-139.0,-5.57784911717496,29.0,0
Kidepo,2022,2413,-79.0,-3.1701444622792936,29.0,0
Kidepo,2022,2465,-27.0,-1.0834670947030496,29.0,0
Kidepo,2022,2596,104.0,4.173354735152488,29.0,0
Kidepo,2022,2634,142.0,5.698234349919743,29.0,0
Kidepo,2022,2387,-105.0,-4.213483146067416,29.0,0
Kidepo,2022,2516,24.0,0.9630818619582664,29.0,0
Kidepo,2022,2628,136.0,5.457463884430177,29.0,0
Kidepo,2022,2763,271.0,10.874799357945426,29.0,0
Kidepo,2022,2516,24.0,0.9630818619582664,29.0,0
Kidepo,2022,2523,31.0,1.2439807383627608,29.0,0
Kidepo,2022,2541,49.0,1.9662921348314606,29.0,0
Kidepo,2022,2452,-40.0,-1.6051364365971106,29.0,0
Kidepo,2022,2506,14.0,0.5617977528089888,29.0,0
Kidepo,2022,2247,-245.0,-9.831460674157304,29.0,0
Kidepo,2022,2418,-74.0,-2.9695024077046552,29.0,0
Kidepo,2021,2356,57.0,2.479338842975207,29.0,0
Kidepo,2021,2196,-103.0,-4.480208786428882,29.0,0
Kidepo,2021,2398,99.0,4.30622009569378,29.0,1
Kidepo,2021,2104,-195.0,-8.481948673336232,29.0,0
Kidepo,2021,2393,94.0,4.088734232274902,29.0,0
Kidepo,2021,2392,93.0,4.045237059591127,29.0,0
Kidepo,2021,2552,253.0,11.004784688995215,29.0,1
Kidepo,2021,2258,-41.0,-1.783384080034798,29.0,0
Kidepo,2021,2299,0.0,0.0,29.0,0
Kidepo,2021,2475,176.0,7.655502392344498,29.0,0
Kidepo,2021,2457,158.0,6.872553284036538,29.0,0
Kidepo,2021,2416,117.0,5.08916920400174,29.0,0
Kidepo,2021,2338,39.0,1.6963897346672467,29.0,0
Kidepo,2021,2471,172.0,7.481513701609395,29.0,0
Kidepo,2021,2602,303.0,13.179643323183992,29.0,0
Kidepo,2021,2367,68.0,2.9578077424967377,29.0,0
Kidepo,2021,2304,5.0,0.2174858634188778,29.0,0
Kidepo,2021,2382,83.0,3.6102653327533707,29.0,0
Kidepo,2021,2319,20.0,0.8699434536755112,29.0,0
Kidepo,2021,2267,-32.0,-1.3919095258808178,29.0,0
Kidepo,2020,2184,90.0,4.297994269340974,28.0,1
Kidepo,2020,2041,-53.0,-2.531041069723018,28.0,0
Kidepo,2020,2154,60.0,2.865329512893983,28.0,0
Kidepo,2020,1936,-158.0,-7.545367717287488,28.0,0
Kidepo,2020,2272,178.0,8.500477554918815,28.0,0
Kidepo,2020,2013,-81.0,-3.8681948424068766,28.0,0
Kidepo,2020,1954,-140.0,-6.685768863419293,28.0,1
Kidepo,2020,2233,139.0,6.638013371537727,28.0,1
Kidepo,2020,2256,162.0,7.736389684813753,28.0,0
Kidepo,2020,2127,33.0,1.5759312320916905,28.0,0
Kidepo,2020,2084,-10.0,-0.4775549188156638,28.0,0
Kidepo,2020,2059,-35.0,-1.6714422158548232,28.0,0
Kidepo,2020,2121,27.0,1.2893982808022924,28.0,0
Kidepo,2020,2089,-5.0,-0.2387774594078319,28.0,0
Kidepo,2020,2076,-18.0,-0.8595988538681949,28.0,0
Kidepo,2020,2002,-92.0,-4.393505253104107,28.0,0
Kidepo,2020,1974,-120.0,-5.730659025787966,28.0,1
Kidepo,2020,2103,9.0,0.42979942693409745,28.0,0
Kidepo,2020,2118,24.0,1.146131805157593,28.0,0
Kidepo,2020,2018,-76.0,-3.629417382999045,28.0,0
Kidepo,2019,2579,-79.0,-2.972159518434913,28.0,0
Kidepo,2019,2688,30.0,1.1286681715575622,28.0,0
Kidepo,2019,2539,-119.0,-4.477050413844996,28.0,0
Kidepo,2019,2799,141.0,5.304740406320542,28.0,0
Kidepo,2019,2728,70.0,2.6335590669676447,28.0,0
Kidepo,2019,2561,-97.0,-3.6493604213694506,28.0,0
Kidepo,2019,2721,63.0,2.3702031602708806,28.0,0
Kidepo,2019,2541,-117.0,-4.401805869074492,28.0,0
Kidepo,2019,2767,109.0,4.100827689992475,28.0,0
Kidepo,2019,2546,-112.0,-4.213694507148231,28.0,0
Kidepo,2019,2642,-16.0,-0.601956358164033,28.0,0
Kidepo,2019,2677,19.0,0.7148231753197893,28.0,1
Kidepo,2019,2861,203.0,7.637321294206171,28.0,0
Kidepo,2019,2554,-104.0,-3.912716328066215,28.0,0
Kidepo,2019,2549,-109.0,-4.100827689992475,28.0,0
Kidepo,2019,2464,-194.0,-7.298720842738901,28.0,0
Kidepo,2019,2906,248.0,9.330323551542513,28.0,0
Kidepo,2019,2662,4.0,0.15048908954100826,28.0,0
Kidepo,2019,2802,144.0,5.417607223476298,28.0,0
Kidepo,2019,2582,-76.0,-2.8592927012791574,28.0,0
C.I.D Headquarters,2024,523,-14.0,-2.60707635009311,30.0,0
C.I.D Headquarters,2024,535,-2.0,-0.37243947858473,30.0,1
C.I.D Headquarters,2024,536,-1.0,-0.186219739292365,30.0,0
C.I.D Headquarters,2024,555,18.0,3.35195530726257,30.0,0
C.I.D Headquarters,2024,538,1.0,0.186219739292365,30.0,0
C.I.D Headquarters,2024,527,-10.0,-1.86219739292365,30.0,0
C.I.D Headquarters,2024,587,50.0,9.31098696461825,30.0,0
C.I.D Headquarters,2024,513,-24.0,-4.4692737430167595,30.0,1
C.I.D Headquarters,2024,516,-21.0,-3.910614525139665,30.0,1
C.I.D Headquarters,2024,513,-24.0,-4.4692737430167595,30.0,0
C.I.D Headquarters,2024,556,19.0,3.5381750465549344,30.0,0
C.I.D Headquarters,2024,549,12.0,2.2346368715083798,30.0,1
C.I.D Headquarters,2024,532,-5.0,-0.931098696461825,30.0,0
C.I.D Headquarters,2024,512,-25.0,-4.655493482309125,30.0,0
C.I.D Headquarters,2024,540,3.0,0.5586592178770949,30.0,0
C.I.D Headquarters,2024,560,23.0,4.283054003724395,30.0,0
C.I.D Headquarters,2024,579,42.0,7.82122905027933,30.0,0
C.I.D Headquarters,2024,520,-17.0,-3.165735567970205,30.0,0
C.I.D Headquarters,2024,532,-5.0,-0.931098696461825,30.0,0
C.I.D Headquarters,2024,548,11.0,2.0484171322160147,30.0,1
C.I.D Headquarters,2023,692,-14.0,-1.9830028328611897,30.0,0
C.I.D Headquarters,2023,659,-47.0,-6.6572237960339935,30.0,0
C.I.D Headquarters,2023,700,-6.0,-0.84985835694051,30.0,0
C.I.D Headquarters,2023,663,-43.0,-6.090651558073654,30.0,0
C.I.D Headquarters,2023,740,34.0,4.815864022662889,30.0,0
C.I.D Headquarters,2023,695,-11.0,-1.5580736543909348,30.0,0
C.I.D Headquarters,2023,703,-3.0,-0.424929178470255,30.0,0
C.I.D Headquarters,2023,679,-27.0,-3.824362606232295,30.0,0
C.I.D Headquarters,2023,705,-1.0,-0.141643059490085,30.0,0
C.I.D Headquarters,2023,751,45.0,6.373937677053824,30.0,1
C.I.D Headquarters,2023,744,38.0,5.382436260623229,30.0,0
C.I.D Headquarters,2023,668,-38.0,-5.382436260623229,30.0,0
C.I.D Headquarters,2023,610,-96.0,-13.59773371104816,30.0,0
C.I.D Headquarters,2023,700,-6.0,-0.84985835694051,30.0,0
C.I.D Headquarters,2023,695,-11.0,-1.5580736543909348,30.0,1
C.I.D Headquarters,2023,693,-13.0,-1.8413597733711047,30.0,0
C.I.D Headquarters,2023,686,-20.0,-2.8328611898017,30.0,0
C.I.D Headquarters,2023,667,-39.0,-5.524079320113314,30.0,1
C.I.D Headquarters,2023,786,80.0,11.3314447592068,30.0,0
C.I.D Headquarters,2023,771,65.0,9.206798866855523,30.0,0
C.I.D Headquarters,2022,1452,-30.0,-2.0242914979757085,30.0,1
C.I.D Headquarters,2022,1491,9.0,0.6072874493927125,30.0,0
C.I.D Headquarters,2022,1554,72.0,4.8582995951417,30.0,0
C.I.D Headquarters,2022,1491,9.0,0.6072874493927125,30.0,0
C.I.D Headquarters,2022,1446,-36.0,-2.42914979757085,30.0,0
C.I.D Headquarters,2022,1385,-97.0,-6.5452091767881235,30.0,0
C.I.D Headquarters,2022,1482,0.0,0.0,30.0,0
C.I.D Headquarters,2022,1393,-89.0,-6.005398110661268,30.0,0
C.I.D Headquarters,2022,1570,88.0,5.937921727395412,30.0,0
C.I.D Headquarters,2022,1479,-3.0,-0.20242914979757085,30.0,0
C.I.D Headquarters,2022,1520,38.0,2.564102564102564,30.0,0
C.I.D Headquarters,2022,1457,-25.0,-1.6869095816464237,30.0,0
C.I.D Headquarters,2022,1543,61.0,4.116059379217274,30.0,1
C.I.D Headquarters,2022,1435,-47.0,-3.1713900134952766,30.0,0
C.I.D Headquarters,2022,1503,21.0,1.417004048582996,30.0,0
C.I.D Headquarters,2022,1455,-27.0,-1.8218623481781375,30.0,0
C.I.D Headquarters,2022,1465,-17.0,-1.1470985155195683,30.0,0
C.I.D Headquarters,2022,1553,71.0,4.790823211875844,30.0,1
C.I.D Headquarters,2022,1425,-57.0,-3.8461538461538463,30.0,0
C.I.D Headquarters,2022,1508,26.0,1.7543859649122806,30.0,0
C.I.D Headquarters,2021,2306,144.0,6.66049953746531,30.0,0
C.I.D Headquarters,2021,2262,100.0,4.6253469010175765,30.0,1
C.I.D Headquarters,2021,2096,-66.0,-3.0527289546716005,30.0,0
C.I.D Headquarters,2021,2215,53.0,2.4514338575393153,30.0,0
C.I.D Headquarters,2021,1978,-184.0,-8.51063829787234,30.0,0
C.I.D Headquarters,2021,2270,108.0,4.995374653098982,30.0,0
C.I.D Headquarters,2021,2447,285.0,13.182238667900092,30.0,0
C.I.D Headquarters,2021,2194,32.0,1.4801110083256246,30.0,0
C.I.D Headquarters,2021,2312,150.0,6.938020351526363,30.0,0
C.I.D Headquarters,2021,2016,-146.0,-6.753006475485661,30.0,0
C.I.D Headquarters,2021,2053,-109.0,-5.041628122109159,30.0,0
C.I.D Headquarters,2021,2126,-36.0,-1.6651248843663276,30.0,0
C.I.D Headquarters,2021,2144,-18.0,-0.8325624421831638,30.0,0
C.I.D Headquarters,2021,2195,33.0,1.5263644773358003,30.0,1
C.I.D Headquarters,2021,2097,-65.0,-3.006475485661425,30.0,0
C.I.D Headquarters,2021,2177,15.0,0.6938020351526364,30.0,0
C.I.D Headquarters,2021,2266,104.0,4.810360777058279,30.0,0
C.I.D Headquarters,2021,2215,53.0,2.4514338575393153,30.0,1
C.I.D Headquarters,2021,2122,-40.0,-1.8501387604070305,30.0,0
C.I.D Headquarters,2021,2242,80.0,3.700277520814061,30.0,0
C.I.D Headquarters,2020,1371,-29.0,-2.071428571428571,30.0,0
C.I.D Headquarters,2020,1405,5.0,0.35714285714285715,30.0,1
C.I.D Headquarters,2020,1463,63.0,4.5,30.0,0
C.I.D Headquarters,2020,1387,-13.0,-0.9285714285714286,30.0,0
C.I.D Headquarters,2020,1315,-85.0,-6.071428571428571,30.0,0
C.I.D Headquarters,2020,1403,3.0,0.2142857142857143,30.0,0
C.I.D Headquarters,2020,1464,64.0,4.571428571428571,30.0,0
C.I.D Headquarters,2020,1471,71.0,5.071428571428571,30.0,0
C.I.D Headquarters,2020,1327,-73.0,-5.214285714285714,30.0,0
C.I.D Headquarters,2020,1448,48.0,3.428571428571429,30.0,0
C.I.D Headquarters,2020,1383,-17.0,-1.2142857142857142,30.0,0
C.I.D Headquarters,2020,1502,102.0,7.285714285714286,30.0,0
C.I.D Headquarters,2020,1316,-84.0,-6.0,30.0,0
C.I.D Headquarters,2020,1447,47.0,3.357142857142857,30.0,0
C.I.D Headquarters,2020,1375,-25.0,-1.7857142857142856,30.0,0
C.I.D Headquarters,2020,1358,-42.0,-3.0,30.0,0
C.I.D Headquarters,2020,1467,67.0,4.785714285714286,30.0,1
C.I.D Headquarters,2020,1478,78.0,5.571428571428571,30.0,0
C.I.D Headquarters,2020,1263,-137.0,-9.785714285714285,30.0,0
C.I.D Headquarters,2020,1468,68.0,4.857142857142857,30.0,0
C.I.D Headquarters,2019,2157,-8.0,-0.3695150115473441,29.0,0
C.I.D Headquarters,2019,2168,3.0,0.13856812933025403,29.0,0
C.I.D Headquarters,2019,2030,-135.0,-6.235565819861432,29.0,0
C.I.D Headquarters,2019,2230,65.0,3.0023094688221708,29.0,0
C.I.D Headquarters,2019,2416,251.0,11.593533487297922,29.0,0
C.I.D Headquarters,2019,2107,-58.0,-2.678983833718245,29.0,0
C.I.D Headquarters,2019,2298,133.0,6.143187066974596,29.0,0
C.I.D Headquarters,2019,2164,-1.0,-0.046189376443418015,29.0,0
C.I.D Headquarters,2019,2111,-54.0,-2.4942263279445727,29.0,0
C.I.D Headquarters,2019,2012,-153.0,-7.066974595842956,29.0,0
C.I.D Headquarters,2019,2315,150.0,6.928406466512701,29.0,0
C.I.D Headquarters,2019,2177,12.0,0.5542725173210161,29.0,0
C.I.D Headquarters,2019,2117,-48.0,-2.2170900692840645,29.0,0
C.I.D Headquarters,2019,2133,-32.0,-1.4780600461893765,29.0,1
C.I.D Headquarters,2019,2239,74.0,3.418013856812933,29.0,0
C.I.D Headquarters,2019,2116,-49.0,-2.2632794457274827,29.0,0
C.I.D Headquarters,2019,2064,-101.0,-4.66512702078522,29.0,0
C.I.D Headquarters,2019,2152,-13.0,-0.6004618937644343,29.0,1
C.I.D Headquarters,2019,2149,-16.0,-0.7390300230946882,29.0,0
C.I.D Headquarters,2019,2147,-18.0,-0.8314087759815243,29.0,0
